,ID,Created_at,Source,Favorite_Count,Retweet_Count,Tweets,Language
0,1248675865526964225,2020-04-10 18:15:00,Ministry of Health,152,111,"Know the difference between medical quarantine and home quarantine.
#COVID19 https://t.co/7lEGm6oCbd",en
1,1248663151450750976,2020-04-10 17:24:29,Ministry of Health,241,131,"Responsible measures be taken before, during and after travel into the Kingdom. https://t.co/yuESrMW6ab",en
2,1248645666403790855,2020-04-10 16:15:00,Ministry of Health,1325,1121,ูููุตุงุจูู ุจููุฑูุณ โง#ููุฑููุงโฉ ุฃู ุงููุฎุงูุทูู ููู.. ููู ูู ูู ูู ุงูุนุฒู ุงูุตุญู.. ูุญู ูุนูู ูู ูู ูุญุธุฉุ ูุชุงุจุน ุตุญุชููุ ูุญุฏุฏ ูููุน ุนุฒูููุ ููุชูุงุตู ูุนูู ูููุจูููุ ุนุจุฑ ุชุทุจูู ุชุทูู. https://t.co/XqIQeVyBhk,ar
3,1248594454543507458,2020-04-10 12:51:30,Ministry of Health,5066,5745,#ุงูุตุญุฉ ุชุนูู ุนู ุชุณุฌูู (364) ุญุงูุฉ ุฅุตุงุจุฉ ุฌุฏูุฏุฉ ุจููุฑูุณ #ููุฑููุง ุงูุฌุฏูุฏ (ููููุฏ19)ุ ูุชุณุฌูู (3) ุญุงูุงุช ูููุงุช ุฑุญููู ุงูููุ ูุชุณุฌูู (19) ุญุงูุฉ ุชุนุงูู ููุตุจุญ ูุฌููุน ุงูุญุงูุงุช ุงููุชุนุงููุฉ (685) ุญุงูุฉ ูููู ุงูุญูุฏ. https://t.co/L8T9a4imxx,ar
4,1248590904195194881,2020-04-10 12:37:23,Ministry of Health,553,416,"ุจู6 ุฎุทูุงุช ู 6 ุฃุณุฆูุฉ ..
ูู ุจุงุฎุชุจุงุฑ ููุฑููุง ุนุจุฑ ุชุทุจูู ููุนุฏ ูุชุทูู ุนูู ุตุญุชู ุจูู ุณูููุฉ

ุญูู ุชุทุจูู ููุนุฏ ุฃู ูู ุจุชุญุฏูุซู",ar
5,1248576000474177543,2020-04-10 11:38:10,Ministry of Health,1513,1438,"(ุฅููุง ูู ุดูุก ุฎูููุงูู ุจูุฏุฑ) ูุชุญูู ุงูุฅููุงูุ ุจุงูุตุจุฑ ุนูู ุงูุจูุงุก ููุนุฑูุฉ ุฃู ูู ูุถุงุก ูุฃุชู ูู ุงููู ูู ุฎูุฑุ ูุงูุงุญุชุณุงุจ ุจูุนู ุงูุฃุณุจุงุจ ููููุงูุฉ ูู ุงููุจุงุก.
โง#ูููุง_ูุณุคูู https://t.co/0JD1uYe5xV",ar
6,1248354031107530762,2020-04-09 20:56:08,Ministry of Health,2475,1944,ุจูุบ ุนุฏุฏ ุงููุญูุตุงุช ุงููุฎุจุฑูุฉ ูููุฑูุณ #ููุฑููุง ุงูุฌุฏูุฏ (ููููุฏ-19) ูู ุงูููููุฉ ุญุชู ููู 8 ุฃุจุฑูู (115ุ585) ูุญุต ูุฐูู ูู 10 ูุฎุชุจุฑุงุช ุญูู ุงูููููุฉ ุจุงุณุชุฎุฏุงู ุชูููุฉ ุงูุจููุฑุฉ ุงูุฌุฒูุฆูุฉุ ุจูุนุฏู 3340 ูุญุต ููู ููููู ูู ุงูุณูุงู. https://t.co/MGu8Fuw5qI,ar
7,1248353596409864196,2020-04-09 20:54:25,Ministry of Health,574,435,"By April 8th, (115585) tests for COVID-19 have been performed in Saudi Arabia, in 10 molecular labs using PCR technology. This translates to 3340 tests per million population.
#COVID19 https://t.co/wsbNbDacem",en
8,1248351901629939714,2020-04-09 20:47:41,Ministry of Health,894,721,"ุฅูู ุฃุจูุงุฆูุง ูุจูุงุชูุง ุงูุนุงุฆุฏูู ูููุทู๐ธ๐ฆ ูุชููู ููู ุฑุญูุฉ ุขููุฉ ูุตุญูุฉ ุจุงุชุจุงุนูู ููุฐู ุงูุชูุตูุงุช.
#ุนูุฏุฉ_ุขููุฉ https://t.co/J4LPiNHAfk",ar
9,1248345897378988033,2020-04-09 20:23:49,Ministry of Health,742,736,"ุญูุงูุฉู ูููุณู ูููู ุญููู ูุฌุจ ุนููู ุงูุฅูุตุงุญ ุญูููุง ููุน ุงููุฑุถ ุนูุฏู ุฃู ูู ุจูุชู ุฃู ูู ุฃุณุฑุชู.
#ูููุง_ูุณุคูู https://t.co/mtbVg3B5Qo",ar
10,1248328577206149122,2020-04-09 19:15:00,Ministry of Health,398,327,8 steps to protect yourself from #COVID19 https://t.co/T2egAy4j08,en
11,1248316802519760896,2020-04-09 18:28:12,Ministry of Health,298,193,"A handy guide to home quarantine.
#COVID19",en
12,1248278581320593409,2020-04-09 15:56:20,Ministry of Health,766,579,ุฃุจุฑุฒ ูุง ุฌุงุก ูู ุงููุคุชูุฑ ุงูุตุญูู ูููุชุญุฏุซ ุงูุฑุณูู ููุฒุงุฑุฉ ุงูุตุญุฉ. https://t.co/3HtyjOt8TX,ar
13,1248278377984856067,2020-04-09 15:55:31,Ministry of Health,308,181,Highlights of the press conference of the official spokesperson. https://t.co/dIi42SgcRm,en
14,1248229829322956800,2020-04-09 12:42:36,Ministry of Health,6866,7020,#ุงูุตุญุฉ ุชุนูู ุนู ุชุณุฌูู (355) ุญุงูุฉ ุฅุตุงุจุฉ ุฌุฏูุฏุฉ ุจููุฑูุณ #ููุฑููุง ุงูุฌุฏูุฏ (ููููุฏ19)ุ ูุชุณุฌูู (3) ุญุงูุงุช ูููุงุช ุฑุญููู ุงูููุ ูุชุณุฌูู (35) ุญุงูุฉ ุชุนุงูู ููุตุจุญ ูุฌููุน ุงูุญุงูุงุช ุงููุชุนุงููุฉ (666) ุญุงูุฉ ูููู ุงูุญูุฏ. https://t.co/uU60I2vNTG,ar
15,1248228627340316672,2020-04-09 12:37:50,Ministry of Health,1030,1059,"ุงุณุชูุฑุงุฑุงู ูุฌููุฏ #ุฃุจุทุงู_ุงูุตุญุฉ ุงูุชุทูุนูุฉ ูุจุชูุงูู ุญููููุ ุชู ุฅุทูุงู @H_volunteering ูุงูุฐู ููุฏู ุฅูู ูุดุงุฑูุฉ ุงููุฌุชูุน ูู ุชุญููู ุงูุชุทูุน ุงูุตุญู.  
#ูุจูู_ูุงูุทู https://t.co/6xOJW0eyUA",ar
16,1248188466963382272,2020-04-09 09:58:15,Ministry of Health,1578,1325,"ุชุทุจูู ""ุชุทูู"" ูููุตุงุจูู ุจููุฑูุณ ููุฑููุง ูุงููุฎุงูุทูู ููู ููู ูู ูู ุงูุญุฌุฑ ุงูุตุญูุ ููุชุงุจุนุฉ ุญุงูุชูู ูุงูุชุฒุงููู ุจุงูุชุนูููุงุช ุงูููุงุฆูุฉ. https://t.co/MA9gK2F9Wn",ar
17,1248181698191413250,2020-04-09 09:31:21,Ministry of Health,2238,1661,ุงูุจุซ ุงููุจุงุดุฑ ุ ูุตุงุฆุญ ููุฑุถู ุงูุณูุฑู ุฎูุงู ุชูุงุฌุฏูู ุจุงูููุฒูุ ูุน ุฏ.ูุญูุฏ ุงูุญุฑุจู. https://t.co/NlxG6AUzhF,ar
18,1248025889356513280,2020-04-08 23:12:13,Ministry of Health,1082,1155,"ูุฒุงุฑุฉ ุงูุตุญุฉ ุชุทูู ุญููุฉ ุชูุนููุฉ ุชูุฏู ุฅูู ุงูุชุจุงุนุฏ ุงูุงุฌุชูุงุนูุ ูุชุฑู ูุณุงูุฉ #ูุชุฑ_ููุต ุนูุฏ ุงูุญุงุฌุฉ ููุฎุงูุทุฉ ุงูุขุฎุฑูู.
https://t.co/cenV0dWg0y",ar
19,1247992666106855431,2020-04-08 21:00:12,Ministry of Health,2044,1519,"ุฎูุงู ูคูฅ ุซุงููุฉ ููุท..
ุฎุฏูุฉ ุงููุณุงุฑ ุงูุณุฑูุน ููุญุต ููุฑูุณ โง#ููุฑููุงโฉ ุงูุฌุฏูุฏ ุงููุฎุตุตุฉ ููู ูุชู ุงุณุชุฏุนุงุคูู ุจุนุฏ ุงูุชูุตู ุงููุจุงุฆู. 
โง#ูููุง_ูุณุคูู https://t.co/Kft69Xt9IR",ar
20,1247980278666137602,2020-04-08 20:10:59,Ministry of Health,1131,652,ูุตุงุฆุญ ููุฑุถู ุงูุณูุฑู ุฎูุงู ุชูุงุฌุฏูู ุจุงูููุฒูุ ูุน ุฏ.ูุญูุฏ ุงูุญุฑุจูุ ุนุจุฑ ุงูุจุซ ุงููุจุงุดุฑ ุบุฏุงู ุงูุฎููุณ ุงูููุงูู 9 ุฃุจุฑูู 2020 ุงูุณุงุนุฉ 12:30 ุธูุฑุงู. https://t.co/WIOfANflkZ,ar
21,1247977516498911233,2020-04-08 20:00:00,Ministry of Health,1333,1758,"ุฅููุงูู ููุชุนูููุงุช ูุณุงูู ุจุฒูุงุฏุฉ ุงููููุงุช. 
โง#ูููุง_ูุณุคูู https://t.co/03eRiQiSbb",ar
22,1247962417843355649,2020-04-08 19:00:01,Ministry of Health,300,218,"How to safely receive packages and deliveries?
#COVID19 https://t.co/lN1xOIc5lQ",en
23,1247951876064247808,2020-04-08 18:18:07,Ministry of Health,497,415,"ุงุฎุชุจุงุฑ #ููุฑููุง ูู ูุฒุงุฑุฉ ุงูุตุญุฉ ูุนุทูู ุงููุนูููุฉ ุงูุฃููุฏุฉ. 
ุญูู ุชุทุจูู ููุนุฏ ุฃู ูู ุจุชุญุฏูุซู ูุฎุฐ ุงูุชูุฌูู ุงูุณููู.",ar
24,1247947070872391681,2020-04-08 17:59:02,Ministry of Health,1412,1602,"ุงุชุฑู ูุณุงูุฉ ุขููุฉ..
โง#ูุชุฑ_ููุตโฉ
โง#ุงูููุงูุฉ_ูู_ููุฑููุง https://t.co/fRLwHIIwbO",ar
25,1247920107956973570,2020-04-08 16:11:53,Ministry of Health,1919,2090,"ุงููุญุงูุธุฉ ุนูู ุงูุชุจุงุนุฏ ุงูุงุฌุชูุงุนู ูููู ูู ุงูุนุฏูู ุจุฅุฐู ุงููู.
#ูุชุฑ_ููุต 
#ุงูููุงูุฉ_ูู_ููุฑููุง https://t.co/HLEXiFECH6",ar
26,1247914256101707782,2020-04-08 15:48:38,Ministry of Health,1222,986,ูุณูููู ุงููุคุชูุฑ ุงูุตุญูู ูู ููุตุฉ ุงูุชุญุฏูุซ ุงููููู ููุญุงูุงุช ุงููุณุฌูุฉ ุจููุฑูุณ #ููุฑููุง ุงูุฌุฏูุฏ ูุญุงูุงุช ุงูุชุนุงูู ูุญุงูุงุช ุงููููุงุชุ ูุงูุฅุนูุงู ุนู ุงูุญุงูุงุช ุญุณุจ ุงูููู ุงูุฐู ูุณุจู ุงููุคุชูุฑ ุงูุตุญูู.,ar
27,1247914253950111746,2020-04-08 15:48:37,Ministry of Health,4277,3107,"ุชูุถูุญ:
ุนุฏุฏ ุงูุญุงูุงุช ุงููุณุฌูุฉ ุจุชุงุฑูุฎ ูง ุฃุจุฑูู ูู (ูฃูขูง) ุญุงูุฉ ูุงูุชุงูู:
ุชู ุงูุฅุนูุงู ุนู ูกูฉู ุญุงูุฉ ุถูู ุงููุคุชูุฑ ุงูุตุญูู ููู ุฃูุณ ููู ุงูุญุงูุงุช ุงููุณุฌูุฉ ูู ุจุฏุงูุฉ ุชุงุฑูุฎ ูง ุฃุจุฑูู ุฅูู ููุช ุงููุคุชูุฑ .
ุชู ุงูุฅุนูุงู ุนู ูกูฃูง ุญุงูุฉ ูู ูุคุชูุฑ ุงูููู ููู ุงูุญุงูุงุช ุงููุณุฌูุฉ ูู ุจุนุฏ ููุช ูุคุชูุฑ ุฃูุณ ุฅูู ููุงูุฉ ุชุงุฑูุฎ ูง ุฃุจุฑูู.",ar
28,1247896632693145600,2020-04-08 14:38:36,Ministry of Health,763,595,ุฃุจุฑุฒ ูุง ุฌุงุก ูู ุงููุคุชูุฑ ุงูุตุญูู ูููุชุญุฏุซ ุงูุฑุณูู ููุฒุงุฑุฉ ุงูุตุญุฉ https://t.co/sizAZkI5Qu,ar
29,1247896594541772800,2020-04-08 14:38:27,Ministry of Health,329,212,Highlights of the press conference of the official spokesperson. https://t.co/Xm3V2sjxMV,en
30,1247892646586015745,2020-04-08 14:22:46,Ministry of Health,2304,1907,ุฅุฌูุงูู ุนุฏุฏ ุงูุญุงูุงุช ุจูุบ (2932) ุญุงูุฉ ุจููุฑูุณ #ููุฑููุง ุงูุฌุฏูุฏ (ููููุฏ19)ุ ูุชุณุฌูู (16) ุญุงูุฉ ุชุนุงูู ููุตุจุญ ูุฌููุน ุงูุญุงูุงุช ุงููุชุนุงููุฉ (631) ุญุงูุฉุ ููุง ููุฌุฏ ุฃู ุญุงูุฉ ููุงุฉ ุงูููู ูููู ุงูุญูุฏ. https://t.co/DCpOKQiDrx,ar
31,1247599399934574598,2020-04-07 18:57:30,Ministry of Health,1022,906,"ุงูุชุตุฑู ุงูุตุญูุญ ุนูุฏ ุงูุดุนูุฑ ุจุฃุนุฑุงุถ ููุฑูุณ #ููุฑููุง ุงูุฌุฏูุฏุ ุงุนุฒู ููุณู ูููู ุงูุตุญุฉ ูฉูฃูง 
#ูููุง_ูุณุคูู https://t.co/23u6WFOfL0",ar
32,1247587443437490176,2020-04-07 18:10:00,Ministry of Health,428,301,"The family guide to stay happy and healthy.
#COVID19",en
33,1247582481055956992,2020-04-07 17:50:17,Ministry of Health,2855,3440,"{ูุฅุฐุง ุณุฃูู ุนุจุงุฏู ุนูู ูุฅูู ูุฑูุจ} ุงููุฌูุง ุจุงูุฏุนุงุก ูุฃูุซุฑูุง ูููุ ูุงูุชุฒููุง ุจูุนู ุงูุฃุณุจุงุจุ ุงูุฅุฌุฑุงุกุงุช ุงูููุงุฆูุฉ ุงูุชู ุทุจูุชูุง ุงูุฌูุงุช ุงููุฎุชุตุฉุ ุฌุงุกุช ูุชูููู ูุถุงุนูุงุช ุงูููุฑูุณุ ุชูููุฏ ุจูุง ูุตุญุชู.
โง#ูููุง_ูุณุคูู https://t.co/AS3eOLNyIr",ar
34,1247508257041797122,2020-04-07 12:55:20,Ministry of Health,3607,3410,ุฅุฌูุงูู ุนุฏุฏ ุงูุญุงูุงุช ุจูุบ (2795) ุญุงูุฉ ุจููุฑูุณ #ููุฑููุง ุงูุฌุฏูุฏ (ููููุฏ19)ุ ูุชุณุฌูู (3) ุญุงูุงุช ูููุงุช ุฑุญููู ุงูููุ ูุชุณุฌูู (64) ุญุงูุฉ ุชุนุงูู ููุตุจุญ ูุฌููุน ุงูุญุงูุงุช ุงููุชุนุงููุฉ (615) ุญุงูุฉ ูููู ุงูุญูุฏ. https://t.co/2q6tE3Fpsy,ar
35,1247504778000728070,2020-04-07 12:41:31,Ministry of Health,17383,20073,"ูููุฉ ูุนุงูู ูุฒูุฑ ุงูุตุญุฉ.
#ูููุง_ูุณุคูู https://t.co/5H9YJSMiVB",ar
36,1247500899657924609,2020-04-07 12:26:06,Ministry of Health,1231,529,ุงูุขู ุนูู ุงูููุงุฉ ุงูุฅุฎุจุงุฑูุฉ ูููุฉ ููุนุงูู ูุฒูุฑ ุงูุตุญุฉ.,ar
37,1247489811184844800,2020-04-07 11:42:02,Ministry of Health,847,847,"ููู ูุณุงูู ุงูุจูุงุก ูู ุงูููุฒู ูู ุญูุงูุฉ ูุฌุชูุนูุง ูู ุงูุชุดุงุฑ ุงูุนุฏูู.
ูุน ุฏ.ุนุจุฏุงููู ุนุณูุฑู. https://t.co/AKnypB7c2i",ar
38,1247419052101902338,2020-04-07 07:00:52,Ministry of Health,16233,3495,"ุชู ุชุญุฏูุซ ุนุฏุฏ ุญุงูุงุช ููุฑูุณ #ููุฑููุง ุงูุฌุฏูุฏ (COVID-19) ุญุณุจ ุงููุฏู ูุงููุญุงูุธุงุช ูู ุงูููููุฉ ุนุจุฑ ุงููููุน ุงูุฅููุชุฑููู. 
ุงูุชุญุฏูุซ ุงููุงุฏู ุณูููู ุนูุฏ ุงูุณุงุนุฉ ูค ูุณุงุกู.
 https://t.co/DyUsux33ae",ar
39,1247273398914420736,2020-04-06 21:22:06,Ministry of Health,3578,3234,"ุฅูู ูู ููุงุฑุณ ุตุญูุ ุณูุงูุชู ุชูููุง.
#ุงูููุงูุฉ_ูู_ููุฑููุง https://t.co/s1D6lkBwYj",ar
40,1247241534220783621,2020-04-06 19:15:29,Ministry of Health,7296,2108,"ุชู ุชุญุฏูุซ ุนุฏุฏ ุญุงูุงุช ููุฑูุณ #ููุฑููุง ุงูุฌุฏูุฏ (COVID-19) ุญุณุจ ุงููุฏู ูุงููุญุงูุธุงุช ูู ุงูููููุฉ ุนุจุฑ ุงููููุน ุงูุฅููุชุฑููู. 
ุงูุชุญุฏูุซ ุงููุงุฏู ุณูููู ุนูุฏ ุงูุณุงุนุฉ ูกู ุตุจุงุญุงู.
 https://t.co/DyUsux33ae",ar
41,1247216616456310800,2020-04-06 17:36:28,Ministry of Health,860,661,"ุจุฎุทูุงุช ุณููุฉ ูุจุณูุทุฉ ุชูุฏุฑ ุชุชุทูู ุนูู ุตุญุชู ูุตุญุฉ ุนุงุฆูุชู ุนุจุฑ ุชุทุจูู ููุนุฏ ุนู ุทุฑูู ""ุงุฎุชุจุงุฑ ููุฑููุง""",ar
42,1247201692577345539,2020-04-06 16:37:10,Ministry of Health,1206,1139,"ุชุนุฑู ุนูู ุงูุทุฑููุฉ ุงูุตุญูุญุฉ ูู ุงุณุชูุงู ุงูุทูุจ.
#ุงูููุงูุฉ_ูู_ููุฑููุง https://t.co/kX3xKbiVNj",ar
43,1247176151698739202,2020-04-06 14:55:40,Ministry of Health,412,248,Highlights of the press conference of the official spokesperson. https://t.co/KC5LQqIaRe,en
44,1247176118349762560,2020-04-06 14:55:32,Ministry of Health,702,482,ุฃุจุฑุฒ ูุง ุฌุงุก ูู ุงููุคุชูุฑ ุงูุตุญูู ูููุชุญุฏุซ ุงูุฑุณูู ููุฒุงุฑุฉ ุงูุตุญุฉ https://t.co/cP0veDfKDr,ar
45,1247174486027370502,2020-04-06 14:49:03,Ministry of Health,2437,1948,ุฅุฌูุงูู ุนุฏุฏ ุงูุญุงูุงุช ุจูุบ (2523) ุญุงูุฉ ุจููุฑูุณ #ููุฑููุง ุงูุฌุฏูุฏ (ููููุฏ19)ุ ูุชุณุฌูู (4) ุญุงูุงุช ูููุงุช ุฑุญููู ุงูููุ ูุชุณุฌูู (63) ุญุงูุฉ ุชุนุงูู ููุตุจุญ ูุฌููุน ุงูุญุงูุงุช ุงููุชุนุงููุฉ (551) ุญุงูุฉ ูููู ุงูุญูุฏ. https://t.co/qBzd01tB5L,ar
46,1247122792191070209,2020-04-06 11:23:38,Ministry of Health,1105,946,"ุงุฎุชูุงุฑู ูุชุทุจููุงุช ุงูุชูุตูู ูุบููู ุนู ุงูุฐูุงุจ ุฅูู ุงูุชุณููุ ูููู ูู ุญุงู ุงูุถุฑูุฑุฉ ุงุชุจุน ุณุจู ุงูููุงูุฉโฌ๏ธ
#ุงูููุงูุฉ_ูู_ููุฑููุง https://t.co/qZzwfRWgei",ar
47,1247057114545229826,2020-04-06 07:02:39,Ministry of Health,15423,4434,"ุชู ุชุญุฏูุซ ุนุฏุฏ ุญุงูุงุช ููุฑูุณ #ููุฑููุง ุงูุฌุฏูุฏ (COVID-19) ุญุณุจ ุงููุฏู ูุงููุญุงูุธุงุช ูู ุงูููููุฉ ุนุจุฑ ุงููููุน ุงูุฅููุชุฑููู. 
ุงูุชุญุฏูุซ ุงููุงุฏู ุณูููู ุนูุฏ ุงูุณุงุนุฉ ูค ูุณุงุกู.
 https://t.co/DyUsux33ae",ar
48,1246908949699399680,2020-04-05 21:13:54,Ministry of Health,567,345,Some jobs carry a higher risk of #COVID19 transmission. https://t.co/cXzbnbLI3i,en
49,1246903118857732096,2020-04-05 20:50:44,Ministry of Health,609,421,"Not everything you read on the internet about #coronavirus is true.
 Here are a few common myths. 
#COVID19 https://t.co/5yQxC7Vbo0",en
50,1246890350733451264,2020-04-05 20:00:00,Ministry of Health,1840,1873,"ูุงู ุตูู ุงููู ุนููู ูุณูู: (ููู ุจุงููุฑุก ูุฐุจูุง ุฃู ูุญุฏุซ ุจูู ูุง ุณูุน) ุชูุงูู ุงูุฃุฎุจุงุฑ ุบูุฑ ุงูุตุญูุญุฉ ูุนูุณ ุณูุจูุง ุนูู ุงูุฌููุฏ ุงูุชูุนููุฉ ุงูุชู ุชูุฏููุง ุงูุฌูุงุช ุงููุฎุชุตุฉุ ููู ุญุฏูุง ููู ุดุงุฆุนุฉ.
โง#ูููุง_ูุณุคูู https://t.co/fPTxUXiI5X",ar
51,1246881747331137536,2020-04-05 19:25:49,Ministry of Health,20630,6538,"ุชู ุชุญุฏูุซ ุนุฏุฏ ุญุงูุงุช ููุฑูุณ #ููุฑููุง ุงูุฌุฏูุฏ (COVID-19) ุญุณุจ ุงููุฏู ูุงููุญุงูุธุงุช ูู ุงูููููุฉ ุนุจุฑ ุงููููุน ุงูุฅููุชุฑููู.
ุงูุชุญุฏูุซ ุงููุงุฏู ุณูููู ุนูุฏ ุงูุณุงุนุฉ ูกู ุตุจุงุญุงู.
 https://t.co/DyUsux33ae",ar
52,1246860152185053189,2020-04-05 18:00:00,Ministry of Health,1188,1152,"""ูุง ุฃุนุทู ุฃุญุฏ ุนุทุงุก ุฎูุฑูุง ููุง ุฃูุณุน ูู ุงูุตุจุฑ"" 
ุชุญููู ุงูุตุจุฑ ูู ูุฐู ุงูุฃูุงู ูุฃุชู ุจุงูุฑุถุง ูุงูุชุณููู ุจูุง ูุฏุฑู ุงููู ุชุนุงูู ูุจูุง ุงูุฒูุชูุง ุจู ุงูุฅุฌุฑุงุกุงุช ุงูููุงุฆูุฉ ูู ุงููููุซ ูู ุงูููุงุฒู ูุงูุงุจุชุนุงุฏ ุนู ุงูุชุฌูุนุงุช.
#ูููุง_ูุณุคูู https://t.co/jJawZJEer6",ar
53,1246816208525156353,2020-04-05 15:05:23,Ministry of Health,542,255,Highlights of the press conference of the official spokesperson. https://t.co/ydS7ocFmoz,en
54,1246815865422729223,2020-04-05 15:04:01,Ministry of Health,1229,920,ุฃุจุฑุฒ ูุง ุฌุงุก ูู ุงููุคุชูุฑ ุงูุตุญูู ูููุชุญุฏุซ ุงูุฑุณูู ููุฒุงุฑุฉ ุงูุตุญุฉ https://t.co/Lm0EiLvWwj,ar
55,1246783826812194816,2020-04-05 12:56:43,Ministry of Health,4750,4222,ุฅุฌูุงูู ุนุฏุฏ ุงูุญุงูุงุช ุจูุบ (2385) ุญุงูุฉ ุจููุฑูุณ #ููุฑููุง ุงูุฌุฏูุฏ (ููููุฏ19)ุ ูุชุณุฌูู (5) ุญุงูุงุช ูููุงุช ุฑุญููู ุงูููุ ูุชุณุฌูู (68) ุญุงูุฉ ุชุนุงูู ููุตุจุญ ูุฌููุน ุงูุญุงูุงุช ุงููุชุนุงููุฉ (488) ุญุงูุฉ ูููู ุงูุญูุฏ. https://t.co/I69AUgvZ0l,ar
56,1246524156457426945,2020-04-04 19:44:52,Ministry of Health,429,267,"To stop the spread of the virus and protect those around you, isolate yourself as soon as you experience symptoms such as fever or shortness of breath and contact (MoH) 937 
#COVID19 https://t.co/plzyqIfsJa",en
57,1246519955006402561,2020-04-04 19:28:11,Ministry of Health,817,747,ุงุชุจุงุนู ุฅุฑุดุงุฏุงุช ุงูููุงูุฉ ูู ุฏุฑุนู ุงููุถุงุฏ ูู ููุฑูุณ #ููุฑููุง ุงูุฌุฏูุฏ ุจุฅุฐู ุงููู. https://t.co/iYcsh9cGwM,ar
58,1246490851070693382,2020-04-04 17:32:32,Ministry of Health,371,210,Highlights of the press conference of the official spokesperson. https://t.co/bZ8NCSCg0D,en
59,1246490802165092352,2020-04-04 17:32:20,Ministry of Health,873,568,ุฃุจุฑุฒ ูุง ุฌุงุก ูู ุงููุคุชูุฑ ุงูุตุญูู ูููุชุญุฏุซ ุงูุฑุณูู ููุฒุงุฑุฉ ุงูุตุญุฉ https://t.co/GgocPOwQRc,ar
60,1246421871546990594,2020-04-04 12:58:26,Ministry of Health,6867,6629,#ุงูุตุญุฉ ุชุนูู ุนู ุชุณุฌูู (140) ุญุงูุฉ ุฅุตุงุจุฉ ุฌุฏูุฏุฉ ุจููุฑูุณ #ููุฑููุง ุงูุฌุฏูุฏ (ููููุฏ19)ุ ูุชุณุฌูู (4) ุญุงูุงุช ูููุงุช ุฑุญููู ุงูููุ ูุชุณุฌูู (69) ุญุงูุฉ ุชุนุงูู ููุตุจุญ ูุฌููุน ุงูุญุงูุงุช ุงููุชุนุงููุฉ (420) ุญุงูุฉ ูููู ุงูุญูุฏ. https://t.co/ql3KE2JgJe,ar
61,1246196636113670144,2020-04-03 22:03:25,Ministry of Health,5913,3603,ุตุญุฉ ุงูููุงุทู ูุงููููู ุฃููููุฉ ูุตูู. https://t.co/yqpgzERdNp,ar
62,1246171865942499329,2020-04-03 20:25:00,Ministry of Health,1030,994,"ุจุฐู ุงูุณุจุจ ูุณููุฉ ูุชุญููู ุงูุชููู ููุฃุชู ุจุทุงุนุฉ ุงููู ูู ุงูุงูุชุซุงู ูุฃูุฑู ุจูุนู ุงูุฃุณุจุงุจ ุงููุคุฏูุฉ ุฅูู ุญูุงูุฉ ุงูููุณ ูุงููุฌุชูุน ูู ุงูุฃูุฑุงุถ ูุงูุฃูุจุฆุฉ.
#ูููุง_ูุณุคูู https://t.co/0AMuC8zLpC",ar
63,1246153461680484352,2020-04-03 19:11:52,Ministry of Health,2834,1859,"ุฏุงุฆููุง ูุชุฃูุจูู ูุฃุฌูู..
#ุฃุจุทุงู_ุงูุตุญุฉ https://t.co/5QEEDici9Q",ar
64,1246136827288977409,2020-04-03 18:05:46,Ministry of Health,464,293,"For your safety, please don't forget to wash your hands with soap and water before ablution (Wudhu')
#COVID19 https://t.co/VBo88JTx6w",en
65,1246127008758796291,2020-04-03 17:26:45,Ministry of Health,527,361,"If you experience any symptoms, please head to the nearest healthcare facility to receive the required treatment free of charge. 
#COVID19 https://t.co/UqeaWmdek8",en
66,1246080392941252610,2020-04-03 14:21:31,Ministry of Health,488,265,Highlights of the press conference of the official spokesperson. https://t.co/w8JdUaW3xH,en
67,1246080346527076354,2020-04-03 14:21:20,Ministry of Health,949,654,ุฃุจุฑุฒ ูุง ุฌุงุก ูู ุงููุคุชูุฑ ุงูุตุญูู ูููุชุญุฏุซ ุงูุฑุณูู ููุฒุงุฑุฉ ุงูุตุญุฉ https://t.co/EZcrMAMXxg,ar
68,1246060522245627904,2020-04-03 13:02:33,Ministry of Health,6580,6545,#ุงูุตุญุฉ ุชุนูู ุนู ุชุณุฌูู (154) ุญุงูุฉ ุฅุตุงุจุฉ ุฌุฏูุฏุฉ ุจููุฑูุณ #ููุฑููุง ุงูุฌุฏูุฏ (ููููุฏ19)ุ ูุชุณุฌูู (4) ุญุงูุงุช ูููุงุช ุฑุญููู ุงูููุ ูุชุณุฌูู (23) ุญุงูุฉ ุชุนุงูู ููุตุจุญ ูุฌููุน ุงูุญุงูุงุช ุงููุชุนุงููุฉ (351) ุญุงูุฉ ูููู ุงูุญูุฏ. https://t.co/0iwihREEcS,ar
69,1245812470444363776,2020-04-02 20:36:53,Ministry of Health,860,759,"ุญูุงุธูุง ููููุณุ ุงุฌุนู ุชุนูููุงุช ุงูููุงูุฉ ูุตุจ ุนูููุ ูุงุณุชุดุนุฑ ุฃูููุชูุง.
#ูููุง_ูุณุคูู https://t.co/Q0saV4bD9b",ar
70,1245799455229698052,2020-04-02 19:45:10,Ministry of Health,378,212,Highlights of the press conference of the official spokesperson. https://t.co/IgVwDDhvdr,en
71,1245799116459978752,2020-04-02 19:43:49,Ministry of Health,769,483,ุฃุจุฑุฒ ูุง ุฌุงุก ูู ุงููุคุชูุฑ ุงูุตุญูู ูููุชุญุฏุซ ุงูุฑุณูู ููุฒุงุฑุฉ ุงูุตุญุฉ https://t.co/Xc4a5rq8n4,ar
72,1245783974783455232,2020-04-02 18:43:39,Ministry of Health,1331,1084,"ุญุจูู ูุงุตู ู #ุนุงุฐุฑูููู
#ุงูููุงูุฉ_ูู_ููุฑููุง 
#ูููุง_ูุณุคูู https://t.co/KYQw38ivrj",ar
73,1245768241949130765,2020-04-02 17:41:08,Ministry of Health,821,592,"ูู #ุฃุณุฆูุฉ_ููุฑููุง ุงููุชุฏุงููุฉุ
ูู ูุณุงุนุฏ ุชูุงูู ุงูุซูู ูู ููุน ุงูุฅุตุงุจุฉ ุจููุฑูุณ ููุฑููุง ุ https://t.co/YnikRC0AZ5",ar
74,1245759548968886272,2020-04-02 17:06:36,Ministry of Health,726,617,"ูู #ุฃุณุฆูุฉ_ููุฑููุง ุงููุชุฏุงููุฉุ 
ูู ุงูุญูุงู ูููู ููุฑูุณ ููุฑููุง ุ https://t.co/59UfiKqGEM",ar
75,1245696309111250946,2020-04-02 12:55:18,Ministry of Health,6708,7019,#ุงูุตุญุฉ ุชุนูู ุนู ุชุณุฌูู (165) ุญุงูุฉ ุฅุตุงุจุฉ ุฌุฏูุฏุฉ ุจููุฑูุณ #ููุฑููุง ุงูุฌุฏูุฏ (ููููุฏ19)ุ ูุชุณุฌูู (5) ุญุงูุงุช ูููุงุช ุฑุญููู ุงูููุ ูุชุณุฌูู (64) ุญุงูุฉ ุชุนุงูู ููุตุจุญ ูุฌููุน ุงูุญุงูุงุช ุงููุชุนุงููุฉ (328) ุญุงูุฉ ูููู ุงูุญูุฏ. https://t.co/6GobLJG5EA,ar
76,1245646602401771520,2020-04-02 09:37:47,Ministry of Health,2492,2390,"ูุนูู ุงููู ูุชููููุง ุฅู ููุชู ูุคูููู)
ุงูุชููู ุนูู ุงูููุ ูู ุชูููุถ ุงูุฃููุฑ ูู ูุนุฏู ุชุฑู ุงูุฃุณุจุงุจ ูุฃุชู ุจุงุณุชุดุนุงุฑ ุงููุฑุฏ ูุฃูููุฉ ุงุชุจุงุน ุงูุฃูุฑ ูู ุณุจูู ุงูุญูุงุธ ุนูู ุตุญุฉ ุงูุจุฏู ูุงููุทู.
#ูููุง_ูุณุคูู https://t.co/XbKuxos5gb",ar
77,1245448348255092737,2020-04-01 20:30:00,Ministry of Health,950,994,"ุงููุณููุฉ ุงูุฃูู ุจุฅุฐู ุงููู ูุญูุงูุฉ ุฃููุณูุง ูู ููุฑูุณ #ููุฑููุง ุงูุฌุฏูุฏ.
#ุงูููุงูุฉ_ูู_ููุฑููุง https://t.co/r5A0Jj5bXD",ar
78,1245427522613006339,2020-04-01 19:07:14,Ministry of Health,1151,912,"ุจุงููุนู ูุญูู ุฃููุณูุง ููุฌุชูุนูุง ุจุฅุฐู ุงูููุ ุดูุฑุงู ุนูู ูุนููู.  
#ุงูููุงูุฉ_ูู_ููุฑููุง
#ูููุง_ูุณุคูู https://t.co/TBWPWdL5YW",ar
79,1245419975294234624,2020-04-01 18:37:15,Ministry of Health,2406,2657,"ุชุตุฑูุงุช ููููุฉ ูุฏ ุชุฌูู ุฏูุฑูุง ูู ููู ุงูุนุฏููุ ุดุงูุฏ ุงูููุฏูู ููุนุฑูุฉ ุงูุณููููุงุช ุงูุฎุงุทุฆุฉ ูุชุตุญูุญูุง. 
#ุงูููุงูุฉ_ูู_ููุฑููุง https://t.co/Q4OUYPu0yn",ar
80,1245395503266836480,2020-04-01 17:00:00,Ministry of Health,649,646,"ุฌููุฏู ุชูุจุฐู ูุชุญููู ุงููุตูุญุฉ ุงูุนุงูุฉุ ุฃุชุช ุจูุฑุงุฑุงุช ุญุงุณูุฉ ูู ุฃุฌู ุฅููุงุฐ ุงูุฃุฑูุงุญุ ูุง ุชูู ุณุจุจูุง ูู ุชูุดู ุงููุจุงุก.
#ูููุง_ูุณุคูู https://t.co/QmnS5FcFpG",ar
81,1245393017227403270,2020-04-01 16:50:08,Ministry of Health,275,192,"Pregnant and worried about Coronavirus? Stay safe with these tips.
#COVID19 https://t.co/Lu5rLQqgdK",en
82,1245392018244845568,2020-04-01 16:46:10,Ministry of Health,250,186,"Simple precautions you can take to breastfeed your baby safely these days.
#COVID19 https://t.co/hx9PDl8nQv",en
83,1245383523604860930,2020-04-01 16:12:24,Ministry of Health,1634,990,"ุดูุฑุงู ุฃูุญุงู..  
#ุฃุจุทุงู_ุงูุตุญุฉ https://t.co/KkRrSh6OwQ",ar
84,1245369430063923200,2020-04-01 15:16:24,Ministry of Health,343,235,Highlights of the press conference of the official spokesperson. https://t.co/o04W9uwyWF,en
85,1245369380717973508,2020-04-01 15:16:12,Ministry of Health,787,619,ุฃุจุฑุฒ ูุง ุฌุงุก ูู ุงููุคุชูุฑ ุงูุตุญูู ูููุชุญุฏุซ ุงูุฑุณูู ููุฒุงุฑุฉ ุงูุตุญุฉ https://t.co/ocq43FgaKf,ar
86,1245330970649165824,2020-04-01 12:43:35,Ministry of Health,7939,8577,#ุงูุตุญุฉ ุชุนูู ุนู ุชุณุฌูู (157) ุญุงูุฉ ุฅุตุงุจุฉ ุฌุฏูุฏุฉ ุจููุฑูุณ #ููุฑููุง ุงูุฌุฏูุฏ (ููููุฏ19)ุ ูุชุณุฌูู (6) ุญุงูุงุช ูููุงุช ุฑุญููู ุงูููุ ูุชุณุฌูู (99) ุญุงูุฉ ุชุนุงูู ููุตุจุญ ูุฌููุน ุงูุญุงูุงุช ุงููุชุนุงููุฉ (264) ุญุงูุฉ ูููู ุงูุญูุฏ. https://t.co/fLO0W2asL0,ar
87,1245096997029281792,2020-03-31 21:13:51,Ministry of Health,1015,698,"ูุชููู ููู ุฏูุงู ุงูุตุญุฉ ูุงูุนุงููุฉ.
#ูููุง_ูุณุคูู https://t.co/2HtpF0Wc87",ar
88,1245094678371991552,2020-03-31 21:04:38,Ministry of Health,637,332,"Fact: 
Staying at home reduces the spread of the new Coronavirus.
#COVID19 https://t.co/W8clXIb0cI",en
89,1245078781842391040,2020-03-31 20:01:28,Ministry of Health,735,374,"When coughing or sneezing, cover your mouth and nose with a tissue or use elbow if tissues are unavailable.
#COVID19 https://t.co/Uxk7UOFaA4",en
90,1245076619191934976,2020-03-31 19:52:53,Ministry of Health,1060,811,"ุงุทูุฆู ูุชุฃูุฏ ุจููุณู ูู ุฎูุงู ุฎุฏูุฉ ุงูุชูููู ุงูุฐุงุชู ุจูุง ูุฎุต ุฃุนุฑุงุถ ููุฑูุณ โง#ููุฑููุงโฉ ุงูุฌุฏูุฏ ุนุจุฑ ุชุทุจูู ููุนุฏ. 
ุญูู ุงูุชุทุจูู:
โฆhttps://t.co/YgrHxYKEuWโฉ
โง#ุงูููุงูุฉ_ูู_ููุฑููุงโฉ
โง#ูููุง_ูุณุคูู https://t.co/2sag9tqAK2",ar
91,1245058330831327232,2020-03-31 18:40:12,Ministry of Health,1678,1923,"ูุง ุชูุชุญ ุจูุชู ููุนุฏูู.. 
ุงุญุฐุฑ ุงูุชุนุงูู ูุน ุงูููู ุงููุฎุงููุฉ ุงูุชู ุชููู ุงูุนุฏูู ูู ููุนุงุฆูุชู.
#ุงูููุงูุฉ_ูู_ููุฑููุง
#ูููุง_ูุณุคูู https://t.co/66LKy55VOI",ar
92,1245055498128429058,2020-03-31 18:28:57,Ministry of Health,391,279,"ูุณุนุฏ ุจุฃู ูููู ุฌุฒุกูุง ูู ูุณูุฑุฉ ุฅูุฌุงุฒุงุช #ุจุฑูุงูุฌ_ุงูุชุญูู_ุงููุทูู
ููุฅุทูุงุน ุนูู ุงูุชูุฑูุฑ ูุงููุงู:
https://t.co/WaQEf7tSVA
#ุฑุคูุฉ_ุงูุณุนูุฏูุฉ_2030 https://t.co/8y2TJqH2Ld",ar
93,1245036887477080064,2020-03-31 17:15:00,Ministry of Health,836,755,"ูู #ุฃุณุฆูุฉ_ููุฑููุง ุงููุชุฏุงููุฉุ 
ูุง ูู ุงูุงุญุชูุงูุงุช ุงูุชู ูุฏ ุชุญุฏุซุ 
ูุฌูุจ ุนููู ุงููุชุญุฏุซ ุงูุฑุณูู ููุฒุงุฑุฉ ุงูุตุญุฉ ุฏ.ูุญูุฏ ุงูุนุจุฏุงูุนุงูู. https://t.co/uvsYS5anSi",ar
94,1245024950588768257,2020-03-31 16:27:34,Ministry of Health,490,257,Highlights of the press conference of the official spokesperson. https://t.co/Wut6PiYStT,en
95,1245024902165532672,2020-03-31 16:27:22,Ministry of Health,493,400,ุฃุจุฑุฒ ูุง ุฌุงุก ูู ุงููุคุชูุฑ ุงูุตุญูู ูููุชุญุฏุซ ุงูุฑุณูู ููุฒุงุฑุฉ ุงูุตุญุฉ https://t.co/3bXYr6hAWN,ar
96,1244970206654533632,2020-03-31 12:50:02,Ministry of Health,7007,7365,#ุงูุตุญุฉ ุชุนูู ุนู ุชุณุฌูู (110) ุญุงูุฉ ุฅุตุงุจุฉ ุฌุฏูุฏุฉ ุจููุฑูุณ #ููุฑููุง ุงูุฌุฏูุฏ (ููููุฏ19)ุ ูุชุณุฌูู ุญุงูุชู ููุงุฉ ููููููู ูู ุงููุฏููุฉ ุงููููุฑุฉ ุฑุญููู ุงูููุ ูุชุณุฌูู (50) ุญุงูุฉ ุชุนุงูู ููุตุจุญ ูุฌููุน ุงูุญุงูุงุช ุงููุชุนุงููุฉ (165) ุญุงูุฉ ูููู ุงูุญูุฏ. https://t.co/7EumboT4xM,ar
97,1244902745406164992,2020-03-31 08:21:58,Ministry of Health,757,428,"Safety is our goal, and precaution is an absolute
must! For everyone's sake, stay home.
#COVID19 https://t.co/k6BwjKyZYq",en
98,1244730870688169984,2020-03-30 20:59:00,Ministry of Health,2559,2782,"ุฎุฐ ุงูุนูู ูู ูุตุฏุฑู ุงูููุซูู.
#ุงูููุงูุฉ_ูู_ููุฑููุง https://t.co/BFuu8vrajX",ar
99,1244723572637077509,2020-03-30 20:30:00,Ministry of Health,1762,1373,"ูู #ุฃุณุฆูุฉ_ููุฑููุง ุงููุชุฏุงููุฉุ
ูุงุญุฌู ุงูุทุงูุฉ ุงูุงุณุชูุนุงุจูุฉ ูู ูุณุชุดููุงุช ุงูููููุฉ ุ 
ูุฌูุจ ุนููู ุงููุชุญุฏุซ ุงูุฑุณูู ููุฒุงุฑุฉ ุงูุตุญุฉ ุฏ.ูุญูุฏ ุงูุนุจุฏุงูุนุงูู. https://t.co/k5kGuLBroh",ar
100,1244704970081030145,2020-03-30 19:16:05,Ministry of Health,2050,1295,"ูุฐู ุฃูุซุฑ ุดุฎุตูุฉ ูุจุณูุทุฉ ุจุฌูุณุฉ ุงูุจูุช.
#ุฎูู_ุจุงูุจูุช .. ูุงุนุฑููู ุฃูุซุฑ https://t.co/IxFUjcF8qr",ar
101,1244690832646705152,2020-03-30 18:19:54,Ministry of Health,544,425,"You do not need to wear a facemask unless you are exhibiting flu symptoms, or if you are caring for an infected person.
#COVID19 https://t.co/w0vP3zCSV7",en
102,1244676792956436489,2020-03-30 17:24:07,Ministry of Health,333,262,"Do you have a cough, a fever or experience difficulty breathing?
Self-quarantine and call (MoH) on 937
 #COVID19 https://t.co/h2sObWjSS3",en
103,1244644300442308614,2020-03-30 15:15:00,Ministry of Health,791,521,"ูู โง#ุฃุณุฆูุฉ_ููุฑููุงโฉ ุงููุชุฏุงููุฉุ
ุงูุฐู ูุนูุด ูุชุฑุฉ ุญุฌุฑ ูู ุบุฑูุฉ ููุฏุฉ (ูกูค) ููู ููู ูุชุฌุงูุฒูุงุ https://t.co/bGjsU2Ha5Y",ar
104,1244609485563461633,2020-03-30 12:56:39,Ministry of Health,6636,6944,#ุงูุตุญุฉ ุชุนูู ุนู ุชุณุฌูู (154) ุญุงูุฉ ุฅุตุงุจุฉ ุฌุฏูุฏุฉ ุจููุฑูุณ #ููุฑููุง ุงูุฌุฏูุฏ (ููููุฏ19)ุ ูุชุณุฌูู (49) ุญุงูุฉ ุชุนุงูู ููุตุจุญ ูุฌููุน ุงูุญุงูุงุช ุงููุชุนุงููุฉ (115) ุญุงูุฉ ูููู ุงูุญูุฏ. https://t.co/pzE2qv49yn,ar
105,1244609196089315329,2020-03-30 12:55:30,Ministry of Health,3605,3152,ูุฒูุฑ ุงูุตุญุฉ ูุนูู ุนู ุฃูุฑ ุฎุงุฏู ุงูุญุฑููู ุงูุดุฑูููู ูุญูุธู ุงููู ุจุงูุนูุงุฌ ุงููุฌุงูู ูุฌููุน ุงููุตุงุจูู ุจููุฑูุณ #ููุฑููุง ุงูุฌุฏูุฏ ูู ุงูููุงุทููู ูุงููููููู ููุฎุงููู ูุธุงู ุงูุฅูุงูุฉ. https://t.co/iqtkNsPv8E,ar
106,1244596753594286081,2020-03-30 12:06:04,Ministry of Health,3641,3619,"""ุฃูุง ุนูุฏ ุธู ุนุจุฏู ุจู ูููุธู ุจู ูุงุดุงุก"" 
ุฅุญุณุงู ุงูุธู ุจุงููู ูู ุฑุคูุฉ ุงูุฎูุฑ ููู ูุงูุชูุงุคู ุจุงููุงุฏู.
#ูููุง_ูุณุคูู https://t.co/aw7R8LLM3a",ar
107,1244534931814002688,2020-03-30 08:00:24,Ministry of Health,961,562,"Leaving your house, even for a short period of time, increases your risk of getting infected. Avoid crowds and social gatherings for your safety and the safety of your loved ones.
#COVID19 https://t.co/Y6NP9VCWWa",en
108,1244353636039372802,2020-03-29 20:00:00,Ministry of Health,880,844,"ุณูุงูุฉ ุงููุฌุชูุนุ ุดุฑู ููู ุฎููู ุฌููุฏ ุณุฎูุฑูุง ุฃููุงุชูู ูุตุญุชูู ูู ุฃุฌู ุงูุญูุงุธ ุนูู ุงูุฃูู ุงูุตุญู ุงููุทูู.
#ูููุง_ูุณุคูู https://t.co/d8euC1i7Oa",ar
109,1244341052196163585,2020-03-29 19:10:00,Ministry of Health,3916,4351,"ุนุฏูู #ููุฑููุง ุณุฑูุนุฉ ุงูุงูุชุดุงุฑ ูุฐูู #ุฎูู_ุจุงูุจูุช ููุง ุชุชูุงูู.
#ูููุง_ูุณุคูู https://t.co/T1onbSiehL",ar
110,1244333271120478209,2020-03-29 18:39:05,Ministry of Health,337,240,"Be aware that unnecessary errands and mingling with others are major drives behind the spread of COVID-19. For your safety, stay at home.
#COVID19 https://t.co/ISJwzlSfNd",en
111,1244323088151478273,2020-03-29 17:58:37,Ministry of Health,358,271,"To reduce your vulnerability to COVID-19, make sure to wash your hands thoroughly and regularly with soap and water.
#COVID19 https://t.co/VIaqWsHJbS",en
112,1244292306351652868,2020-03-29 15:56:18,Ministry of Health,382,230,Highlights of the press conference of the official spokesperson. https://t.co/EpJtzzGfRG,en
113,1244292254090637314,2020-03-29 15:56:05,Ministry of Health,873,615,ุฃุจุฑุฒ ูุง ุฌุงุก ูู ุงููุคุชูุฑ ุงูุตุญูู ูููุชุญุฏุซ ุงูุฑุณูู ููุฒุงุฑุฉ ุงูุตุญุฉ https://t.co/44DPKYOl5v,ar
114,1244242347334021120,2020-03-29 12:37:47,Ministry of Health,7944,8918,#ุงูุตุญุฉ ุชุนูู ุนู ุชุณุฌูู (96) ุญุงูุฉ ุฅุตุงุจุฉ ุฌุฏูุฏุฉ ุจููุฑูุณ #ููุฑููุง ุงูุฌุฏูุฏ (ููููุฏ19)ุ ูุชุณุฌูู ุฃุฑุจุน ุญุงูุงุช ููุงุฉ ุฑุญููู ุงูููุ ูุชุณุฌูู (29) ุญุงูุฉ ุชุนุงูู ููุตุจุญ ูุฌููุน ุงูุญุงูุงุช ุงููุชุนุงููุฉ (66) ุญุงูุฉ ูููู ุงูุญูุฏ. https://t.co/c4VxUqlNfP,ar
115,1244222985659129856,2020-03-29 11:20:50,Ministry of Health,1617,1028,"ูู #ุฃุณุฆูุฉ_ููุฑููุง ุงููุชุฏุงููุฉุ
ููู ุชุชุฌุงูุฒ ูู ุนุงุฆูุฉ ุงูุถุบูุทุงุช ุงูููุณูุฉ ูุฐู ุงูุฃูุงู ุ https://t.co/Rlq3fqpSmG",ar
116,1244157342016581635,2020-03-29 07:00:00,Ministry of Health,2033,1536,ุงูุชุตุฑู ุงูุตุญูุญ ุนูุฏ ุงูุดุนูุฑ ุจุฃุนุฑุงุถ ููุฑูุณ ููุฑููุง #ุงุนุฒู_ููุณู ูููู ุงูุตุญุฉ 937๐ https://t.co/cD3ZpvispA,ar
117,1244006348070825986,2020-03-28 21:00:00,Ministry of Health,886,847,"#ุงุนุฒู_ููุณูโฉ ุนู ุนุงุฆูุชู !
ููู ุฃูู ุฎุทูุฉ ุนูุฏ ุดุนูุฑู ุจุฃุนุฑุงุถ โง#ููุฑููุงโฉ :
"" ูุญุฉุ ุงุฑุชูุงุน ูู ุงูุญุฑุงุฑุฉุ ุถูู ุจุงูุชููุณ"". 
ูููู ุงูุตุญุฉ 937 ๐ https://t.co/2BCOSBMbah",ar
118,1243976151007145984,2020-03-28 19:00:01,Ministry of Health,903,649,"ูู #ุฃุณุฆูุฉ_ููุฑููุง ุงููุชุฏุงููุฉุ 
ุงูุฃุทูุงู ูุนุงููู ุจุณุจุจ ุนุฏู ุงูุฎุฑูุฌ ูู ุงูููุฒู ุจูุงุฐุง ุชูุตุญ ุฐูููู ุ https://t.co/YHS2s26kcU",ar
119,1243961048085835780,2020-03-28 18:00:00,Ministry of Health,740,590,"ูู #ุฃุณุฆูุฉ_ููุฑููุง ุงููุชุฏุงููุฉุ
ูุง ูู ุงูุชุนุงูู ุงูุฃูุซู ูุน ูุจุงุฑ ุงูุณู ุฃุซูุงุก ุจูุงุฆูู ูู ุงูููุงุฒู ุ https://t.co/4DuwONIqMh",ar
120,1243947388345225217,2020-03-28 17:05:43,Ministry of Health,2537,2268,ุฑุณุงูุฉ ูู ูุนุงูู ุงูุฏูุชูุฑ ุนุจุฏุงููู ุงููุทูู ุฅูู #ุฃุจุทุงู_ุงูุตุญุฉ ูู ูู ุงููุทุงุนุงุช ุงูุตุญูุฉ. https://t.co/mdp11Oog3r,ar
121,1243932086672769024,2020-03-28 16:04:55,Ministry of Health,107,117,"ุงูุชุฑููุฉ 
ฤฐลรงilerimizi #KOVฤฐD19 tehlikesinden koruyacak basit yรถntemler https://t.co/Ou2GaJMYtK",tr
122,1243932052459794437,2020-03-28 16:04:47,Ministry of Health,141,132,"ุงูุฃุซููุจูุฉ - ุงูุฃููุฑูุฉ
แแซแฐแแฝแ แแแแ แจแฎแฎแแซแญแจแต แแแแ แจแแปแแ แแแฃแช .แฅแญแณแณ แแ https://t.co/3J3gvPEycf",am
123,1243932027272990722,2020-03-28 16:04:41,Ministry of Health,42,60,"ุงูุณูุงุญููุฉ
Kwa wafanyakazi, hatua rahisi za kujilinda, inshallah, dhidi ya #COVID19 https://t.co/g9ieTYxc9i",und
124,1243932001335480323,2020-03-28 16:04:34,Ministry of Health,40,55,"ุงูููุจุงููุฉ
เคญเคเคตเคพเคจเฅ เคเฅ เคเคเฅเคเคพเคจเฅเคธเคพเคฐ เคเคพเคฎเคฆเคพเคฐเคนเคฐเฅเคเคพ เคฒเคพเคเคฟ #เคเฅเคญเคฟเคกเฅงเฅฏ เคฌเคพเค เคเคซเฅเคจเฅ เคธเฅเคฐเคเฅเคทเคพ เคเคฐเฅเคจเฅ เคธเคพเคฎเคพเคจเฅเคฏ เคเคชเคพเคฏเคนเคฐเฅ https://t.co/zmGeVP24u2",ne
125,1243931976199016448,2020-03-28 16:04:28,Ministry of Health,36,51,"ุงูููุงูููุฉ
Untuk pekerja, langkah mudah untuk melindungi anda, jika diizinkan Tuhan, daripada #COVID19 https://t.co/AUJExmYqZp",in
126,1243931935711416320,2020-03-28 16:04:19,Ministry of Health,38,59,"ุงูููุจูููุฉ 
Para sa mga manggagawa, simpleng mga hakbang upang protektahan kayo, payagan ng Diyos, mula sa #COVID19 https://t.co/Bnkjwc74Fl",tl
127,1243931908377100290,2020-03-28 16:04:12,Ministry of Health,39,61,"ุงูุงูุฏูููุณูุฉ
Bagi para pekerja, langkah sederhana untuk melindungi diri Anda, insya Allah, dari #COVID19 https://t.co/kypc8WsPMP",und
128,1243931882020122625,2020-03-28 16:04:06,Ministry of Health,42,56,"ุงูุจูุบูุงุฏูุดูุฉ
เฆเฆฐเงเฆฎเงเฆฆเงเฆฐ เฆเฆจเงเฆฏ, เฆจเฆฟเฆเงเฆเง เฆฐเฆเงเฆทเฆพ เฆเฆฐเฆพเฆฐ เฆธเฆนเฆ เฆชเฆฆเฆเงเฆทเงเฆช, เฆเฆถเงเฆฌเฆฐ เฆเฆเงเฆเงเฆ, #COVID19 เฆฅเงเฆเง https://t.co/Oj06Fc6mf3",bn
129,1243931848415248387,2020-03-28 16:03:58,Ministry of Health,27,46,"ุงููุงููุงูุงููุฉ
เดฆเตเดตเดพเดจเตเดเตเดฐเดนเดคเตเดคเดพเตฝ #เดเตเดตเดฟเดกเต19 เดฌเดพเดงเดฟเดเตเดเดพเดคเดฟเดฐเดฟเดเตเดเดพเตป เดคเตเดดเดฟเดฒเดพเดณเดฟเดเตพ เดชเดพเดฒเดฟเดเตเดเตเดฃเตเด เดฒเดณเดฟเดคเดฎเดพเดฏ เดจเดเดชเดเดฟเดเตเดฐเดฎเดเตเดเตพ https://t.co/wYadc2Pysb",ml
130,1243931821978591232,2020-03-28 16:03:52,Ministry of Health,38,62,"ุงูููุฏูุฉ 
เคเคฐเฅเคฎเคเคพเคฐเคฟเคฏเฅเค เคเฅ เคฒเคฟเค, เคญเคเคตเคพเคจ เคเฅ เคเคถเฅเคฐเฅเคตเคพเคฆ เคธเฅ, เคเคชเคเฅ เคธเฅเคฐเคเฅเคทเคพ เคเฅ เคฒเคฟเค เคเคธเคพเคจ เคเคฆเคฎ, #COVID19 https://t.co/J8kAaLxzpa",hi
131,1243931772045406211,2020-03-28 16:03:40,Ministry of Health,60,74,"ุงูุงุฑุฏู 
ฺฉุงุฑฺฉูุงู ฺฉ ูุ #COVID19 ุณ ุงูุดุงุกุงููุ ุขูพ ฺฉ ุญูุงุธุช ฺฉ ู ุขุณุงู ุงูุฏุงูุงุช https://t.co/IrbPF07GDC",ur
132,1243931747575902208,2020-03-28 16:03:34,Ministry of Health,61,78,"ุงูุงูุฌููุฒูุฉ 
For workers, simple steps to protect you, from #COVID19. https://t.co/zSbG7K0wNP",ca
133,1243931714952540160,2020-03-28 16:03:26,Ministry of Health,1633,1268,"ุณุงูู ูู ุชูุนูุฉ ูู ุญููู ุจุฌููุน ุงููุบุงุช ูู ุฎูุงู ุทุฑู ุงูููุงูุฉ ูู ููุฑูุณ #ููุฑููุง ุงูุฌุฏูุฏ.
#ุงูููุงูุฉ_ูู_ููุฑููุง 
#ูููุง_ูุณุคูู 
#COVID19 
ุงูุนุฑุจูุฉ โฌ๏ธ https://t.co/ghIDeciOmJ",ar
134,1243891379358613505,2020-03-28 13:23:09,Ministry of Health,410,278,Highlights of the press conference of the official spokesperson. https://t.co/DZ4PmEbHq5,en
135,1243891280670863366,2020-03-28 13:22:46,Ministry of Health,963,848,ุฃุจุฑุฒ ูุง ุฌุงุก ูู ุงููุคุชูุฑ ุงูุตุญูู ูููุชุญุฏุซ ุงูุฑุณูู ููุฒุงุฑุฉ ุงูุตุญุฉ https://t.co/mj3cQVbdfc,ar
136,1243881406134202370,2020-03-28 12:43:32,Ministry of Health,6758,7093,#ุงูุตุญุฉ ุชุนูู ุนู ุชุณุฌูู (99) ุญุงูุฉ ุฅุตุงุจุฉ ุฌุฏูุฏุฉ ุจููุฑูุณ #ููุฑููุง ุงูุฌุฏูุฏ (ููููุฏ19)ุ ูุชุณุฌูู ุญุงูุฉ ููุงุฉ ูููุงุทู ูู ุงูุฑูุงุถ ุฑุญูู ุงูููุ ูุชุณุฌูู ุญุงูุชู ุชุนุงูู ููุตุจุญ ูุฌููุน ุงูุญุงูุงุช ุงููุชุนุงููุฉ (37) ุญุงูุฉ ูููู ุงูุญูุฏ. https://t.co/KdMILfxNIn,ar
137,1243636445232934912,2020-03-27 20:30:08,Ministry of Health,2950,1613,ูู ุฏุงุฎู ุงูุนุฒู ุงูุตุญู.. ุญุงุชู ูุญูู ูุตุฉ ุฅุตุงุจุชู ุจููุฑูุณ #ููุฑููุง ุงูุฌุฏูุฏ. https://t.co/m0wf0pyIHQ,ar
138,1243619417902252033,2020-03-27 19:22:29,Ministry of Health,906,954,"ูุณูุงูุชู ูุณูุงูุฉ ุนุงุฆูุชู #ูุง_ุชููู_ุชู
#ุงูููุงูุฉ_ูู_ููุฑููุง https://t.co/1Gk0eGZhPr",ar
139,1243607468518838280,2020-03-27 18:35:00,Ministry of Health,908,715,"ูุตุงุฆุญ ูููุฉ ูุญูุงูุฉ ุทููู ุงูุฑุถูุน ูู ููุฑูุณ ููุฑููุง.
#ุงูููุงูุฉ_ูู_ููุฑููุง https://t.co/2Vgadh07Gb",ar
140,1243601176941101059,2020-03-27 18:10:00,Ministry of Health,675,531,"ูุตุงุฆุญ ูููุฉ ููุญูุงูู.
#ุงูููุงูุฉ_ูู_ููุฑููุง https://t.co/kCg9WC9uv3",ar
141,1243593063957778435,2020-03-27 17:37:45,Ministry of Health,907,793,"ูู #ุฃุณุฆูุฉ_ููุฑููุง ุงููุชุฏุงููุฉุ 
ูู ููุงู ุฅุฌุฑุงุกุงุช ุงุญุชุฑุงุฒูุฉ ูุงููุฉ ููุณูุทุฑุฉ ุนูู #ููุฑููุง ุ   
ูุฌูุจ ุนููู ุงููุชุญุฏุซ ุงูุฑุณูู ููุฒุงุฑุฉ ุงูุตุญุฉ ุฏ.ูุญูุฏ ุงูุนุจุฏุงูุนุงูู. https://t.co/uhdKdavlAW",ar
142,1243560913669677069,2020-03-27 15:30:00,Ministry of Health,1292,1169,"ุฒูุงุฑุชู ุฑุจูุง ุชููู ุณุจุจูุง ูู ููู ุงูุนุฏููุ ูุฐูู ุงุชุจุน ุฅุฌุฑุงุกุงุช ุงูููุงูุฉ.
#ุงูููุงูุฉ_ูู_ููุฑููุง 
#ูููุง_ูุณุคูู https://t.co/ZYGMA2pqzE",ar
143,1243545812711464960,2020-03-27 14:30:00,Ministry of Health,1816,1505,ุฅูุตุงุญู ุนู ุฅุตุงุจุชู ุจุงููุฑุถ ูุจููู ูุฏู ุญุฑุตู ุนูู ุงูุฃูู ุงูุตุญู ูููุทู. https://t.co/Ycd0WkzShH,ar
144,1243531783158796289,2020-03-27 13:34:15,Ministry of Health,356,237,Highlights of the press conference of the official spokesperson. https://t.co/xYopzI5Qes,en
145,1243531721880018945,2020-03-27 13:34:00,Ministry of Health,1330,1031,ุฃุจุฑุฒ ูุง ุฌุงุก ูู ุงููุคุชูุฑ ุงูุตุญูู ูููุชุญุฏุซ ุงูุฑุณูู ููุฒุงุฑุฉ ุงูุตุญุฉ https://t.co/5gslANX2Mj,ar
146,1243518477450842112,2020-03-27 12:41:23,Ministry of Health,7034,7371,#ุงูุตุญุฉ ุชุนูู ุนู ุชุณุฌูู (92) ุญุงูุฉ ุฅุตุงุจุฉ ุฌุฏูุฏุฉ ุจููุฑูุณ #ููุฑููุง ุงูุฌุฏูุฏ (ููููุฏ19)ุ ูุชุณุฌูู ุญุงูุชู ุชุนุงูู ููุตุจุญ ูุฌููุน ุงูุญุงูุงุช ุงููุชุนุงููุฉ (35) ุญุงูุฉ ูููู ุงูุญูุฏ. https://t.co/p1VS1PBBUI,ar
147,1243266527845064706,2020-03-26 20:00:13,Ministry of Health,1046,1098,"ูุณูุงูุชู ูุณูุงูุฉ ุฃุตุฏูุงุฆู #ูุง_ุชููู_ุชู 
#ุงูููุงูุฉ_ูู_ููุฑููุง 
#ูููุง_ูุณุคูู https://t.co/rNwHNPRWF3",ar
148,1243252165977812995,2020-03-26 19:03:09,Ministry of Health,733,601,"ุงูุดู ุนู ุฃุนุฑุงุถ ููุฑูุณ #ููุฑููุง ุงูุฌุฏูุฏ ุจูู ุณูููุฉ ุนุจุฑ ุชุทุจูู ููุนุฏ.
ุญูู ุงูุชุทุจูู ุงูุขูุ ุฃู ุญุฏูุซ ุงูุชุทุจูู ููุธูุฑ ูู ุงูุงุฎุชุจุงุฑ :
https://t.co/YgrHxYt3Do https://t.co/2n94agOvBo",ar
149,1243237432826286080,2020-03-26 18:04:36,Ministry of Health,105,95,"ุงูุงุณุจุงููุฉ 
Si sufre de fiebre alta, tos o dificultad para respirar, quรฉdese en su residencia y llame al Ministerio de Salud al 937. https://t.co/SA0VLFpYdM",ca
150,1243237416326123521,2020-03-26 18:04:32,Ministry of Health,140,115,"ุงูุชุฑููุฉ 
Ateล, รถksรผrรผk veya nefes darlฤฑฤฤฑndan ลikayet ediyorsanฤฑz, evinizde kalฤฑn ve 937'yi arayฤฑn https://t.co/vg5lALhyGe",tr
151,1243237401721479171,2020-03-26 18:04:29,Ministry of Health,95,97,"ุงูุงุซููุจูุฉ - ุงูุฃูุฑููุฑูุฉ 
Yeroo qufaatan yookin haxxiffattan keessa ciqilee keessanii keessatti axxiffadhaa yookin qufa'aa https://t.co/lqHW7J38qK",ca
152,1243237389578964993,2020-03-26 18:04:26,Ministry of Health,96,106,"ุงูุงุซููุจูุฉ - ุงูุฃููุฑูุฉ 
แฒแซแตแ แแญแ แฒแซแตแแฅแฑ แแญแแตแจแแตแแแ แญแแ แญแธแแ https://t.co/xr29BWVllT",am
153,1243237378640302081,2020-03-26 18:04:23,Ministry of Health,46,52,"ุงูุณูุงุญููุฉ
Ikiwa una joto jingi, unakohoa au unatatizika kupumua, salia nyumbani na upige simu kwenye Wizara ya Afya kupitia nambari 937. https://t.co/z4KBhyU7Hx",und
154,1243237365755363328,2020-03-26 18:04:20,Ministry of Health,43,59,"ุงูููุจุงููุฉ 
 เคฏเคฆเคฟ เคคเคชเคพเคเคเคฒเคพเค เคเฅเคตเคฐเฅ เคเคเคเฅ, เคซเฅเคเฅ เคเฅเคเฅ เคฒเคพเคเฅเคเฅ เคตเคพ เคธเคพเคธ เคซเฅเคฐเฅเคจ เคเคเคฟเคจเคพเค เคญเคเคเฅ เค เคญเคจเฅ, เคเคฐเคฎเคพ เคจเฅ เคฌเคธเฅเคจเฅเคนเฅเคธเฅ เคฐ MOH เคนเคเคฒเคพเคเคจเคฒเคพเค 937 เคฎเคพ เคซเฅเคจ เคเคฐเฅเคจเฅเคนเฅเคธเฅเฅค https://t.co/4s6jSOEvPD",ne
155,1243237351729647624,2020-03-26 18:04:17,Ministry of Health,41,53,"ุงูููุงูููุฉ 
 Jika anda mengalami demam, batuk kering, atau sesak nafas, duduk di rumah dan hubungi Talian Penting KKM pada talian 937. https://t.co/0abWJJn7cZ",in
156,1243237338307874816,2020-03-26 18:04:14,Ministry of Health,43,52,"ุงูููุจูููุฉ 
Kung ika'y nakakaranas ng pagtaas ng lagnat o ng ubo o nahihirapan sa paghinga, manatili sa iyong bahay at tumawag sa ospital 937. https://t.co/g3Tu85wjeb",tl
157,1243237324282122241,2020-03-26 18:04:10,Ministry of Health,42,54,"ุงูุงูุฏูููุณูุฉ
Jika Anda mengeluh suhu tinggi, batuk atau sesak napas, tinggallah di kediaman Anda dan bicaralah dengan kesehatan no telp: 937 https://t.co/sYiRKMrBgj",in
158,1243237306464636929,2020-03-26 18:04:06,Ministry of Health,39,48,"ุงูุจูุบูุงุฏูุดูุฉ
 เฆเฆชเฆจเฆพเฆฐ เฆฏเฆฆเฆฟ เฆเงเฆฌเฆฐ, เฆถเงเฆเฆจเง เฆเฆพเฆถเฆฟ เฆฌเฆพ เฆถเงเฆฌเฆพเฆธเฆเฆทเงเฆ เฆนเฆฏเฆผ เฆคเฆฌเง เฆฌเฆพเฆกเฆผเฆฟเฆคเง เฆฅเฆพเฆเงเฆจ เฆเฆฌเฆ 937 เฆจเฆฎเงเฆฌเฆฐเง MoH เฆนเฆเฆฒเฆพเฆเฆจเง เฆเฆฒ เฆเฆฐเงเฆจเฅค https://t.co/Beiv6IpCq7",bn
159,1243237288282337280,2020-03-26 18:04:02,Ministry of Health,39,50,"ุงููุงููุงูุงููุฉ
 เดจเดฟเดเตเดเตพเดเตเดเต เดชเดจเดฟเดฏเต เดตเดฐเดฃเตเด เดเตเดฎเดฏเต เดถเตเดตเดพเดธเดคเดเดธเตเดธเดฎเต เดเดฃเตเดเตเดเตเดเดฟเตฝ, เดตเตเดเตเดเดฟเตฝ เดคเดจเตเดจเต เดเดดเดฟเดฏเตเด, 937 เดเดจเตเดจ เดจเดฎเตเดชเดฑเดฟเตฝ เดเดฐเตเดเตเดฏ เดฎเดจเตเดคเตเดฐเดพเดฏเดฒเดคเตเดคเดฟเตฝ เดตเดฟเดณเดฟเดเตเดเตเด. https://t.co/cQkBoMWfL1",ml
160,1243237272180400129,2020-03-26 18:03:58,Ministry of Health,33,47,"ุงูุชุงูููุฉ
เฎเฎเฏเฎเฎณเฏเฎเฏเฎเฏ เฎเฎคเฎฟเฎ เฎเฎพเฎฏเฏเฎเฏเฎเฎฒเฏ,เฎตเฎฑเฎเฏเฎเฏ เฎเฎฐเฏเฎฎเฎฒเฏ, เฎเฏเฎตเฎพเฎเฎชเฏเฎชเฎฟเฎฐเฎเฏเฎเฎฉเฏ เฎเฎคเฏเฎฎเฏ เฎเฎฐเฏเฎจเฏเฎคเฎพเฎฒเฏ, เฎตเฏเฎเฏเฎเฎฟเฎฒเฏเฎฏเฏ เฎคเฎเฏเฎเฎฟเฎฏเฎฟเฎฐเฏเฎจเฏเฎคเฏ เฎนเฏเฎฒเฏเฎคเฏ เฎเฎฐเฏเฎตเฏเฎธเฏ เฎเฏเฎฉเฏเฎเฎฐเฏ 937 เฎ เฎเฎดเฏเฎฏเฏเฎเฏเฎเฎณเฏ. https://t.co/pEaDUbAQFV",ta
0,1248597515940909056,2020-04-10 13:03:40,Ministry of Interior,1291,1659,"ูุตุฏุฑ ูุณุคูู ุจูุฒุงุฑุฉ ุงูุฏุงุฎููุฉ: ุชูุฑุฑ ููุน ุงูุชุฌูู ูุงูุชููู ุงูููู ูุนุฏู ุงูุฎุฑูุฌ ูู ุงูููุงุฒู ูู ุฃุญูุงุก "" ุงูุดุฑูุจุงุชุ ุจูู ุธูุฑุ ูุฑุจุงูุ ุงูุฌูุนุฉุ ุฌุฒุก ูู ุงูุฅุณูุงูุ ุจูู ุฎุฏุฑุฉ"" ุจุงููุฏููุฉ ุงููููุฑุฉุ ุงุจุชุฏุงุกู ูู ุงูููู ูุญุชู ุฅุดุนุงุฑ ุขุฎุฑ. https://t.co/Lle5ERIS6r",ar
1,1248551321571033089,2020-04-10 10:00:06,Ministry of Interior,841,680,ููุชูุงุตู ูุน ุฅูุงุฑุงุช ุงูููุงุทู ููุทุงุนุงุช #ูุฒุงุฑุฉ_ุงูุฏุงุฎููุฉ .. #ุฃุจุดุฑ https://t.co/PVS56VYgXl,ar
2,1248295592440315905,2020-04-09 17:03:56,Ministry of Interior,2388,1941,"ูุตุฏุฑ ูุณุคูู ุจูุฒุงุฑุฉ ุงูุฏุงุฎููุฉ: 
ุณุฑูุงู ุงูุณูุงุญ ูุฌููุน ููุฏูุจู ุงูุชูุตูู ุงูุชุงุจุนูู ููุชุทุจููุงุช ุงููุณุฌูุฉ ูุฏู ููุฆุฉ ุงูุงุชุตุงูุงุช ูุชูููุฉ ุงููุนูููุงุช ุจุงูุนูู ูู ุฌููุน ููุงุทู ุงูููููุฉ ูุนูู ูุฏุงุฑ 24 ุณุงุนุฉ . https://t.co/MACzIyTaum",ar
3,1247639667698098176,2020-04-07 21:37:31,Ministry of Interior,2001,1168,ุงูุฃููุฑ ุนุจุฏุงูุนุฒูุฒ ุจู ุณุนูุฏ ูุดุงุฑู ูู ุงูุงุฌุชูุงุน ุงูุทุงุฑุฆ ูุฃุตุญุงุจ ุงูุณูู ูุงููุนุงูู ูุฒุฑุงุก ุงูุฏุงุฎููุฉ ุจุฏูู ูุฌูุณ ุงูุชุนุงูู ูุฏูู ุงูุฎููุฌ ุงูุนุฑุจูุฉ. https://t.co/E0tspV1et4,ar
4,1247517368445571077,2020-04-07 13:31:33,Ministry of Interior,2718,2952,ูุตุฏุฑ ูุณุคูู ุจูุฒุงุฑุฉ ุงูุฏุงุฎููุฉ: ุชูุฏูู ุณุงุนุงุช ููุน ุงูุชุฌูู ูู ุจููุฉ ุงูููุงุทู ูุงููุฏู ููุจุฏุฃ ูู ุงูุณุงุนุฉ ุงูุซุงูุซุฉ ุนุตุฑุงู ุฅูู ุงูุณุงุฏุณุฉ ุตุจุงุญุงู ุงุจุชุฏุงุกู ูู ููู ุบุฏ ุงูุฃุฑุจุนุงุก. https://t.co/sBZx1Z15WP,ar
5,1247509451948556289,2020-04-07 13:00:05,Ministry of Interior,3149,2560,ูู ููุณูุจู ุงูุฏุงุฎููุฉ ูุฃุจุทุงู ุงูุตุญุฉ: ูุญู ูุนูู ู #ูููุง_ูุณุคูู https://t.co/ZQ02hOoaHv,ar
6,1247363557462880256,2020-04-07 03:20:21,Ministry of Interior,3853,3183,ููุน ุงูุชุฌูู ูู ุฃุฌู ุณูุงูุชูู ... ู #ูููุง_ูุณุคูู https://t.co/5YKjkY2QLM,ar
7,1247237019132141568,2020-04-06 18:57:32,Ministry of Interior,6178,6007,ูุตุฏุฑ ูุณุคูู ุจูุฒุงุฑุฉ ุงูุฏุงุฎููุฉ : ููุน ุงูุชุฌูู ุนูู ูุฏุงุฑ (24) ุณุงุนุฉ ููููุงู ูู ุฃุฑุฌุงุก ูุฏู: (ุงูุฑูุงุถุ ุชุจููุ ุงูุฏูุงูุ ุงูุธูุฑุงูุ ุงููููู)ุ ููุฐูู ูู ุฃุฑุฌุงุก ูุญุงูุธุงุช: (ุฌุฏุฉุ ุงูุทุงุฆูุ ุงููุทููุ ุงูุฎุจุฑ) ูุงูุฉุ ูุน ุงุณุชูุฑุงุฑ ููุน ุงูุฏุฎูู ุฅูููุง ุฃู ุงูุฎุฑูุฌ ูููุงุ ูุฐูู ุงุนุชุจุงุฑูุง ูู ุชุงุฑูุฎู ูุญุชู ุฅุดุนุงุฑ ุขุฎุฑ. https://t.co/EhR0wzm7xX,ar
8,1247211149965352964,2020-04-06 17:14:44,Ministry of Interior,3060,2350,ุฌุณุฏ ูุงุญุฏ .. #ูููุง_ูุณุคูู https://t.co/BPrflzCIgD,ar
9,1246761736348237824,2020-04-05 11:28:56,Ministry of Interior,3822,2722,"ูู ุงูุจูุช ุงูุตุบูุฑ ุฅูู ุงูุจูุช ุงููุจูุฑ . 

#ูููุง_ูุณุคูู https://t.co/yMm6dBxPTR",ar
10,1246410807669338119,2020-04-04 12:14:28,Ministry of Interior,1879,2064,ูุตุฏุฑ ูุณุคูู ุจูุฒุงุฑุฉ ุงูุฏุงุฎููุฉ : ุชุทุจูู ุฅุฌุฑุงุกุงุช ุงุญุชุฑุงุฒูุฉ ุตุญูุฉ ุฅุถุงููุฉ ุจุนุฏุฏ ูู ุงูุฃุญูุงุก ุงูุณูููุฉ ุจูุญุงูุธุฉ ุฌุฏุฉุ ูููุน ุงูุฏุฎูู ุฅูููุง ุฃู ุงูุฎุฑูุฌ ูููุง ูููุน ุงูุชุฌูู ูููุง ุนูู ูุฏุงุฑ ุงูููู ุงุนุชุจุงุฑูุง ูู ุงูุณุงุนุฉ ุงูุซุงูุซุฉ ูู ุนุตุฑ ุงูููู ูุญุชู ุฅุดุนุงุฑ ุขุฎุฑ . https://t.co/cXnJFv8jtw,ar
11,1246407192653312000,2020-04-04 12:00:06,Ministry of Interior,817,505,"ุฃุจุฑุฒ ุฃุฎุจุงุฑ ูุฒุงุฑุฉ ุงูุฏุงุฎููุฉ ุฎูุงู ุงููุชุฑุฉ ูู 5 ูุญุชู 11 ุดุนุจุงู 1441ูู .

#ุงูุฏุงุฎููุฉ_ูู_ุฃุณุจูุน https://t.co/oPeSiQV9cD",ar
12,1245931877401120770,2020-04-03 04:31:22,Ministry of Interior,3425,3947,ูุตุฏุฑ ูุณุคูู ุจูุฒุงุฑุฉ ุงูุฏุงุฎููุฉ : ุชูุฏูู ููุช ุจุฏุก ููุน ุงูุชุฌูู ูู  ูุฏููุฉ ุงูุฏูุงู ููุญุงูุธุชู ุงูุทุงุฆู ู ุงููุทูู ุฅูู ุงูุณุงุนุฉ ุงูุซุงูุซุฉ ุนุตุฑุงู ุจุฏุกูุง  ูู ุงูููู ุงูุฌูุนุฉ ูุญุชู ุฅุดุนุงุฑ ุขุฎุฑ. https://t.co/kKCdT7S2r1,ar
13,1245773017831165956,2020-04-02 18:00:07,Ministry of Interior,3750,3126,"ุจุจุตูุชู "" ุฃูุช ""...
ุฑุณูุช ูููุทู ููุจ .. ูููุช (ูุจุถู). 

#ูููุง_ูุณุคูู. https://t.co/aWzIUG0hb9",ar
14,1245754767785295878,2020-04-02 16:47:36,Ministry of Interior,1447,1121,"ุงููุชุญุฏุซ ุงูุฃููู ุจูุฒุงุฑุฉ ุงูุฏุงุฎููุฉ : 
ุงูุชุฒุงู ุงูุฌููุน ุจุงูุจูุงุก ูู ุงูููุงุฒู .. ุณูุงุญูุง ูู ููุงุฌูุฉ ""ุฌุงุฆุญุฉ ููุฑููุง"".

#ูููุง_ูุณุคูู https://t.co/fwgRaNS0iH",ar
15,1245684159475060736,2020-04-02 12:07:01,Ministry of Interior,4556,5378,ูุตุฏุฑ ูุณุคูู ุจูุฒุงุฑุฉ ุงูุฏุงุฎููุฉ : ููุน ุงูุชุฌูู ูู ุฃุฑุฌุงุก ูุฏููุชู ููุฉ ุงูููุฑูุฉ ูุงููุฏููุฉ ุงููููุฑุฉ ุนูู ูุฏู (24) ุณุงุนุฉ ููููุงูุ ูุน ุงุณุชูุฑุงุฑ ููุน ุงูุฏุฎูู ุฅูููุง ุฃู ุงูุฎุฑูุฌ ูููุงุ ูุฐูู ุงุนุชุจุงุฑูุง ูู ุชุงุฑูุฎู ูุญุชู ุฅุดุนุงุฑ ุขุฎุฑ . https://t.co/xL3dB55zP9,ar
16,1245453562626355201,2020-04-01 20:50:43,Ministry of Interior,6736,5935,ุฃุจุดุฑ ูุง ูุทู ... #ูููุง_ูุณุคูู https://t.co/GDSNIazLMw,ar
17,1244732452574244864,2020-03-30 21:05:17,Ministry of Interior,2006,1216,ุงูุฃููุฑ ุนุจุฏุงูุนุฒูุฒ ุจู ุณุนูุฏ :  ุชุถููู ูุฎุงููู ุฃูุธูุฉ ุงูุฅูุงูุฉ ูุงูุนูู ูุฃูู ุงูุญุฏูุฏ ูู ุฃูุฑ ุฎุงุฏู ุงูุญุฑููู ุงูุดุฑูููู ูุจุฑุฒ ุงูุจุนุฏ ุงูุฅูุณุงูู ุงูุฐู ููููู ุงูููู ุงูููุฏู ููุฃูู ุงูุตุญู ูููุงุทูู ุงูููููุฉ ูุงููููููู ูููุง ุฏูู ุชูููุฒ ุจูู ูู ูุณุชุญู ุงูุฑุนุงูุฉ ุงูุทุจูุฉ . https://t.co/3hMtKx8fYa,ar
18,1244640821988786179,2020-03-30 15:01:10,Ministry of Interior,987,702,"ุงููุชุญุฏุซ ุงูุฃููู ุจูุฒุงุฑุฉ ุงูุฏุงุฎููุฉ : 

ุฒูุงุฏุฉ ุนุฏุฏ ุฎุทูุท ุบุฑู ุงูุนูููุงุช ูู 999 ู 911 ูุถูุงู ุงุณุชูุฑุงุฑูุฉ ุณุฑุนุฉ ุงูุงุณุชุฌุงุจุฉ ููุจูุงุบุงุช ูุงูุงุณุชูุณุงุฑุงุช. https://t.co/K5jg8jVZtg",ar
19,1244604230171844609,2020-03-30 12:35:46,Ministry of Interior,1144,1138,ูุตุฏุฑ ูุณุคูู ุจูุฒุงุฑุฉ ุงูุฏุงุฎููุฉ : ุชุทุจูู ุฅุฌุฑุงุกุงุช ุงุญุชุฑุงุฒูุฉ ุตุญูุฉ ุฅุถุงููุฉ ุจุนุฏุฏ ูู ุงูุฃุญูุงุก ุงูุณูููุฉ ุจูุฏููุฉ ููุฉ ุงูููุฑูุฉ ูููุน ุงูุชุฌูู ูููุง ูู ุธูุฑ ุงูููู . https://t.co/53PaALUbDv,ar
20,1244374535408844800,2020-03-29 21:23:03,Ministry of Interior,1448,769,"ูุฑุงูุฒ ุถุจุท ููุน ุงูุฏุฎูู ูุงูุฎุฑูุฌ ูู ูุญุงูุธุฉ ุฌุฏุฉ .

#ูููุง_ูุณุคูู https://t.co/sCrbwdqExP",ar
21,1244298134626459653,2020-03-29 16:19:27,Ministry of Interior,1881,1292,"ุงููุชุญุฏุซ ุงูุฃููู ุจูุฒุงุฑุฉ ุงูุฏุงุฎููุฉ: 

ุงูููู ุงูุณุงุจุน ูุชุทุจูู ุฃูุฑ ููุน ุงูุชุฌูู .. ุงูุชุฒุงู ุนุงู ูุฌููุฏ ุฃูููุฉ ูุชูุงุตูุฉ. https://t.co/Rcp5GmLDYo",ar
22,1244170796861476864,2020-03-29 07:53:28,Ministry of Interior,3349,3927,ุชูููุฐูุง ููุฅุฌุฑุงุกุงุช ุงูุงุญุชุฑุงุฒูุฉ ุงูุฅุถุงููุฉ ููุญุฏ ูู ุงูุชุดุงุฑ ููุฑูุณ ููุฑููุง ุงูุฌุฏูุฏุ ุชูุฑุฑ ุชูุฏูู ููุนุฏ ููุน ุงูุชุฌูู ูู ูุญุงูุธุฉ ุฌุฏุฉ ููููู ุงุจุชุฏุงุก ูู ุงูุณุงุนุฉ ุงูุซุงูุซุฉ ูุณุงุก ุ ูุชุนููู ุงูุฏุฎูู ูุงูุฎุฑูุฌ ุฅูููุง . https://t.co/jadwugh5XO,ar
23,1244101030427705349,2020-03-29 03:16:14,Ministry of Interior,1282,957,ุงูุฏูุงุน ุงููุฏูู ุจููุทูุฉ ุงูุฑูุงุถ: ุฅุตุงุจุฉ ูุฏูููู ุงุซููู ุฅุตุงุจุงุช ุทูููุฉ ุฅุซุฑ ุชูุงุซุฑ ุดุธุงูุง ุตุงุฑูุฎ ุจุงููุณุชู ุฃุทููุชู ูููุดูุง ุงูุญูุซู ุงูุฅุฑูุงุจูุฉ ุนูู ูุฏููุฉ ุงูุฑูุงุถ. https://t.co/MIIXhTuiUI,ar
24,1244010083056603137,2020-03-28 21:14:51,Ministry of Interior,4231,5227,ุชูุฏูุฏ ุงูุนูู ุจุชุนููู ุงูุญุถูุฑ ูููุฑุงุช ุงูุนูู ูู ุฌููุน ุงูุฌูุงุช ุงูุญููููุฉ ูุงููุทุงุน ุงูุฎุงุต ูุชุนููู ุงูุฑุญูุงุช ุงูุฌููุฉ ุงูุฏูููุฉ ูุงูุฏุงุฎููุฉ ููุดุงุท ุงูุญุงููุงุช ูุณูุงุฑุงุช ุงูุฃุฌุฑุฉ ูุงููุทุงุฑุงุช ุญุชู ุฅุดุนุงุฑ ุขุฎุฑ . https://t.co/t6fHoDfHMK,ar
25,1243876402203693056,2020-03-28 12:23:39,Ministry of Interior,836,516,ุฃุจุฑุฒ ุฃุฎุจุงุฑ ูุฒุงุฑุฉ ุงูุฏุงุฎููุฉ ุฎูุงู ุงููุชุฑุฉ ูู 27 ุฑุฌุจ ูุญุชู 4 ุดุนุจุงู 1441ูู . https://t.co/bAOqNpkfmk,ar
26,1243709410502942720,2020-03-28 01:20:05,Ministry of Interior,5664,5518,"ูุงุฐุง ูุนูุช ุญูููุฉ ุงูููููุฉ ูุญูุงูุฉ ุดุนุจูุง ูู ููุฑูุณ ููุฑููุงุ

What has the government of the Kingdom of Saudi Arabia done to protect its people from Covid-19? https://t.co/BFhckuHt4M",ca
27,1243614216235384835,2020-03-27 19:01:49,Ministry of Interior,955,858,ุงูุณูุงุญ ูููุงู ุงูุฅุจู ูุงูุงุณุทุจูุงุช ูุชุฌุงุฑ ุงูุฃูุนุงู ุจุงูุฏุฎูู ูุงูุฎุฑูุฌ ููู ูู ูุฏู (ุงูุฑูุงุถ ูุงููุฏููุฉ ุงููููุฑุฉ ูููุฉ ุงูููุฑูุฉ ) ุบุฏุงู ุงูุณุจุช ููุท ูู ุงูุณุงุนุฉ 6 ุตุจุงุญุงู ุฅูู 3 ุนุตุฑุงู. https://t.co/PIqmDHVzTI,ar
28,1243268002461749253,2020-03-26 20:06:05,Ministry of Interior,930,689,ุงูุฃููุฑ ุนุจุฏุงูุนุฒูุฒ ุจู ุณุนูุฏ : ูููุฉ ุฎุงุฏู ุงูุญุฑููู ุงูุดุฑูููู - ุญูุธู ุงููู - ุฎูุงู ุฑุฆุงุณุชู  ููููุฉ ุงูุงุณุชุซูุงุฆูุฉ ุงูุงูุชุฑุงุถูุฉ ููุงุฏุฉ ุฏูู ูุฌููุนุฉ ุงูุนุดุฑููุ ุฌุณุฏุช ุฑูุงุฏุฉ ุงูููููุฉ ูู ุฎุฏูุฉ ุงูุฅูุณุงููุฉ ูุฏุนู ุงูุฌููุฏ ุงูุฏูููุฉ ูููุงุฌูุฉ ุฌุงุฆุญุฉ ููุฑููุง ูุงูุญุฏ ูู ุชุฃุซูุฑุงุชูุง ุงูุงูุชุตุงุฏูุฉ ูุงูุฅูุณุงููุฉ. https://t.co/uhr3yAPibx,ar
29,1243248622709420032,2020-03-26 18:49:04,Ministry of Interior,1338,1008,"ุฎุงุฏู ุงูุญุฑููู ุงูุดุฑูููู - ุญูุธู ุงููู - ุฎูุงู ุฑุฆุงุณุชู ููููุฉ ุงูุงุณุชุซูุงุฆูุฉ ุงูุงูุชุฑุงุถูุฉ ููุงุฏุฉ ุฏูู ูุฌููุนุฉ ุงูุนุดุฑูู: ""ุจุชุนุงูููุง ุงููุดุชุฑูุ ูุญู ุนูู ุซูุฉ ุจุฃููุง ุณูุชููู ูุนุงู - ุจุนูู ุงููู - ูู ุชุฌุงูุฒ ูุฐู ุงูุฃุฒูุฉ ูุงููุถู ูุฏูุงู ูุญู ูุณุชูุจู ููุนู ููู ุงูุฌููุน ุจุงูุฑุฎุงุก ูุงูุตุญุฉ ูุงูุงุฒุฏูุงุฑ."" https://t.co/m1Bf5sSU7q",ar
30,1243181687900692482,2020-03-26 14:23:06,Ministry of Interior,948,706,"ุงููุชุญุฏุซ ุงูุฃููู ุจูุฒุงุฑุฉ ุงูุฏุงุฎููุฉ : 
ุงูุฌูุงุช ุงูุฃูููุฉ ูุงูููุงุช ุงูุนุณูุฑูุฉ ุงููุณุงูุฏุฉ ุจุงุดุฑุช ุงูููู ุนูุฏ ุชูุงู ุงูุณุงุนุฉ ุงูุซุงูุซุฉ ุนุตุฑูุง ููุน ุงูุชููู ุจูู ููุงุทู ุงูููููุฉ ุ ูููุน ุงูุฏุฎูู ูุงูุฎุฑูุฌ ูู ูุฏู ุงูุฑูุงุถ ูููุฉ ุงูููุฑูุฉ ูุงููุฏููุฉ ุงููููุฑุฉ.

#ูููุง_ูุณุคูู https://t.co/l2yHpLeQ2Q",ar
31,1242968512764706820,2020-03-26 00:16:01,Ministry of Interior,488,379,ูุฑุงูุฒ ุถุจุท ููุน ุงูุฏุฎูู ูุงูุฎุฑูุฌ ูููุฏููุฉ ุงููููุฑุฉ . https://t.co/feZM3JHu07,ar
32,1242968256132063244,2020-03-26 00:15:00,Ministry of Interior,469,439,ูุฑุงูุฒ ุถุจุท ููุน ุงูุฏุฎูู ูุงูุฎุฑูุฌ ููุฏููุฉ ููุฉ ุงูููุฑูุฉ . https://t.co/3rSrSqgIp6,ar
33,1242967979253530624,2020-03-26 00:13:54,Ministry of Interior,681,595,ูุฑุงูุฒ ุถุจุท ููุน ุงูุฏุฎูู ูุงูุฎุฑูุฌ ููุฏููุฉ ุงูุฑูุงุถ . https://t.co/amVzkyZtVU,ar
34,1242881448736145413,2020-03-25 18:30:03,Ministry of Interior,1038,963,ุงูุฅุฌุฑุงุกุงุช ุงูุงุญุชุฑุงุฒูุฉ ุงูุฅุถุงููุฉ ุงูุชู ูุงูู ุฎุงุฏู ุงูุญุฑููู ุงูุดุฑูููู -ุญูุธู ุงููู- ุนูู ุงุชุฎุงุฐูุง ูุงูุนูู ุจูุง ุงุจุชุฏุงุกู ูู ููู ุบุฏู ุงูุฎููุณ. https://t.co/kD77dhVw7c,ar
35,1242858811347677185,2020-03-25 17:00:06,Ministry of Interior,1504,1527,ุชูููุฐูุง ููุฅุฌุฑุงุกุงุช ุงูุงุญุชุฑุงุฒูุฉ ุงูุฅุถุงููุฉ ุงูุชู ูุงูู ุนูููุง ุฎุงุฏู ุงูุญุฑููู ุงูุดุฑูููู -ุญูุธู ุงููู- ููุญุฏ ูู ุงูุชุดุงุฑ ููุฑูุณ ููุฑููุง ุงูุฌุฏูุฏุ ูุงูุชู ุชุถููุช ููุน ุงูุฏุฎูู ูุงูุฎุฑูุฌ ุฅุทูุงููุง ูู ูุฏู ุงูุฑูุงุถุ ูููุฉ ุงูููุฑูุฉุ ูุงููุฏููุฉ ุงููููุฑุฉุ ููู ุงูุญุฏูุฏ ุงูุชู ุชุถุนูุง ุงูุฌูุฉ ุงููุนููุฉุ ููุฏ ุชูุฑุฑ ุงูุชุงูู : https://t.co/ze8HWytzFr,ar
36,1242814788444528642,2020-03-25 14:05:10,Ministry of Interior,1061,830,"ุงููุชุญุฏุซ ุงูุฃููู ููุฒุงุฑุฉ ุงูุฏุงุฎููุฉ: 
ุงูููู ุงูุซุงูู ูู ุชุทุจูู ุฃูุฑ ููุน ุงูุชุฌูู ุดูุฏ ุงูุชุฒุงูุงู ุนุงููุงู ูู ุงูููุงุทููู ูุงููููููู. https://t.co/DyyP15oKFj",ar
37,1242776729871056897,2020-03-25 11:33:56,Ministry of Interior,1539,1552,"ุงูุจูุงุก ูู ุงูููุงุฒู .. ูุงูุชุฒุงู ุงูุชุนูููุงุช ูุญูุธ ุจุฅุฐู ุงููู ุตุญุชูู ููุญูู ุณูุงูุชูู ูุฃูููู . 

ุตุญุชูู ุชูููุง .. ูุฃูููู ูุงุฌุจูุง https://t.co/MOxuov40B0",ar
38,1242760516071763971,2020-03-25 10:29:31,Ministry of Interior,3164,3332,ุงูุทูุงูุงู ูู ุญุฑุต ุฎุงุฏู ุงูุญุฑููู ุงูุดุฑูููู ู ุญูุธู ุงููู ู ุนูู ุตุญุฉ ูุณูุงูุฉ ุงูููุงุทููู ูุงูููููููุ ูุจูุงุกู ุนูู ูุง ุนุฑุถุชู ุงูุฌูุงุช ุงููุนููุฉ ูู ุงูุญุงุฌุฉ ุฅูู ุงููุฒูุฏ ูู ุงูุฅุฌุฑุงุกุงุช ุงูุงุญุชุฑุงุฒูุฉ ููุญุฏ ูู ุงูุชุดุงุฑ ููุฑูุณ ููุฑููุง ุงูุฌุฏูุฏุ ููุฏ ูุงูู ู ุฑุนุงู ุงููู ู ุนูู ุงุชุฎุงุฐ ุนุฏุฏ ูู ุงูุฅุฌุฑุงุกุงุช. https://t.co/ZaCTEECJ0U,ar
39,1242499369812795393,2020-03-24 17:11:48,Ministry of Interior,1568,1376,"ุงููุชุญุฏุซ ุงูุฃููู ุจูุฒุงุฑุฉ ุงูุฏุงุฎููุฉ : 

ููุณูุง ูู ุงูููู ุงูุฃูู ูููุน ุงูุชุฌูู 
ูุนู ุตุญู ุนุงูู ูุงูุชุฒุงู ุจุชุทุจูู ุฃูุฑ ุงูููุน .. ูุงูุญุงูุงุช ุงููุฑุตูุฏุฉ ูุฑุฏูุฉ ููุญุฏูุฏุฉ. https://t.co/JYTowBQ3Mm",ar
40,1242151303448596482,2020-03-23 18:08:43,Ministry of Interior,2356,2621,"ุนููุจุฉ ูู ูุฎุงูู ุฃูุฑ ููุน ุงูุชุฌูู .

#ูููุง_ูุณุคูู https://t.co/M0IBfP5BNJ",ar
41,1242116433125036038,2020-03-23 15:50:09,Ministry of Interior,7969,7427,"ุญูุงุธุงู ุนูู ุตุญุชูู ูุณูุงูุชูู ูุฃูููู 
ูุฃูู ูููู ุงูุจูุงุก ูู ููุงุฒููู ูุงูุงูุชุฒุงู ุจุงูุชุนูููุงุช ุงูุชู ูุถุนุช ูู ุฃุฌููู . 

ุจูุงุฆูู ูู ููุงุฒููู ูุจุฑูู ุงุณุชุดุนุงุฑูู ุจุงููุณุคูููุฉุ ุตุญุชูู ุชูููุง ูุฃูููู ูุงุฌุจูุง. 

#ูููุง_ูุณุคูู https://t.co/FAH51XBtTH",ar
42,1242073918330081281,2020-03-23 13:01:13,Ministry of Interior,1648,2313,ูุตุฏุฑ ูุณุคูู ุจูุฒุงุฑุฉ ุงูุฏุงุฎููุฉ : ูู ูุฎุงูู ุฃูุฑ ููุน ุงูุชุฌูู ุณูุนุงูุจ ุจุงูุบุฑุงูุฉ ูุงูุณุฌู. https://t.co/0iITZeNBEN,ar
43,1242047408483241985,2020-03-23 11:15:52,Ministry of Interior,2444,2637,"ุฎุฐ ุงููุนูููุฉ ูู ุงููุตุฏุฑ . 

#ูููุง_ูุณุคูู https://t.co/INSTg4u9Gt",ar
44,1241945683709571074,2020-03-23 04:31:39,Ministry of Interior,3644,3468,ุงูุฃูุดุทุฉ ุงููุณุชุซูุงุฉ ูู ูุฑุงุฑ ุงูุฅุบูุงู ูุงูุญุฏ ูู ุงูุชุฌูู ูู ุงููุชุฑุฉ ุงููุณุงุฆูุฉ . https://t.co/QzLTm426xA,ar
45,1241927277740462081,2020-03-23 03:18:31,Ministry of Interior,3117,3453,ุงุณุชูุงุฏูุง ุฅูู ุฃูุฑ ุฎุงุฏู ุงูุญุฑููู ุงูุดุฑูููู - ุญูุธู ุงููู - ุงููุงุถู ุจููุน ุงูุชุฌูู ููุญุฏ ูู ุงูุชุดุงุฑ ููุฑูุณ ููุฑููุง ุงูุฌุฏูุฏ ููุฏุฉ 21 ูููุงุ ุชูุฏ ุงููุฒุงุฑุฉ ุฅูุถุงุญ ุงูุงุณุชุซูุงุกุงุช ุงููุชุนููุฉ ุจููุน ุงูุชุฌูู. https://t.co/8gxXbeVD0s,ar
46,1241865119677779968,2020-03-22 23:11:31,Ministry of Interior,5248,5655,ุฎุงุฏู ุงูุญุฑููู ุงูุดุฑูููู ูุตุฏุฑ ุฃูุฑู ุจููุน ุงูุชุฌูู ููุญุฏ ูู ุงูุชุดุงุฑ ููุฑูุณ ููุฑููุง ุงูุฌุฏูุฏ ุงุจุชุฏุงุกู ูู ุงูุณุงุนุฉ ุงูุณุงุจุนุฉ ูุณุงุกู ูุญุชู ุงูุณุงุนุฉ ุงูุณุงุฏุณุฉ ุตุจุงุญุงู ููุฏุฉ 21 ูููุงู ูู ูุณุงุก ููู ุงูุงุซููู 28 ุฑุฌุจ 23 ูุงุฑุณ. https://t.co/bu5sJNMpzX,ar
47,1241430924065214466,2020-03-21 18:26:11,Ministry of Interior,7905,9897,"#ูููุง_ูุณุคูู
 
ุงูุจูุงุก ูู ุงูููุฒู ุณูุงุญูุง ุงูุฃููู ุจุฅุฐู ุงููู ูููุงุฌูุฉ #ูุงูุฑูุณ_ููุฑููุง",ar
48,1241365855960784896,2020-03-21 14:07:38,Ministry of Interior,9790,9095,"ุจุชุนุงูููู .. ุณูุนุจุฑ ุงููุฑุญูุฉ ุจู (ุฃูู ูุฃูุงู) ๐ธ๐ฆ

#ูููุง_ูุณุคูู https://t.co/X09yYw5bcy",ar
49,1241333766343331842,2020-03-21 12:00:07,Ministry of Interior,641,365,"ุฃุจุฑุฒ ุฃุฎุจุงุฑ ูุฒุงุฑุฉ ุงูุฏุงุฎููุฉ ุฎูุงู ุงููุชุฑุฉ ูู 20 ูุญุชู 26 ุฑุฌุจ 1441ูู .

#ุงูุฏุงุฎููุฉ_ูู_ุฃุณุจูุน https://t.co/VZm01oImfZ",ar
50,1241071558698897408,2020-03-20 18:38:12,Ministry of Interior,787,481,ุงูุฃููุฑ ุนุจุฏุงูุนุฒูุฒ ุจู ุณุนูุฏ: ูููุฉ ุฎุงุฏู ุงูุญุฑููู ุงูุดุฑูููู - ุญูุธู ุงููู - ูุงูุณุช ูููุจ ุงูุฌููุน ููุง ุชุญููู ูู ูุดุงุนุฑ ุฃุจููุฉ ุญุงููุฉ ุงุชุณูุช ุจุงูุตุฑุงุญุฉ ูู ุฅุจุฑุงุฒ ุงููุณุคูููุงุช ูุงูุฃุฏูุงุฑ ุงููุดุชุฑูุฉ ููุฏููุฉ ูุงููุฌุชูุน ูู ููุงุฌูุฉ ูุฐุง ุงูุชูุฏูุฏ ุงูุตุญู ูุชุฌุงูุฒู - ุจุฅุฐู ุงููู - . https://t.co/4DbanP8a2r,ar
51,1240941174023688192,2020-03-20 10:00:06,Ministry of Interior,37387,22773,ูุฏู ุชุฑุนุงูู .. ููุฏู ุชุญูููู https://t.co/mFs3Ed3zeB,ar
52,1240841930470236164,2020-03-20 03:25:44,Ministry of Interior,2647,2957,ูุตุฏุฑ ูุณุคูู ุจูุฒุงุฑุฉ ุงูุฏุงุฎููุฉโฉ : ุชุนููู ุฌููุน ุฑุญูุงุช ุงูุทูุฑุงู ุงูุฏุงุฎูู ูุงูุญุงููุงุช ูุณูุงุฑุงุช ุงูุฃุฌุฑุฉ ูุงููุทุงุฑุงุช ููุฏุฉ 14 ูููุงู ุงุจุชุฏุงุกู ูู ุงูุณุงุนุฉ ุงูุณุงุฏุณุฉ ุตุจุงุญุงู ูู ููู ุบุฏู ุงูุณุจุช . https://t.co/TE9j5f7SAp,ar
53,1240728543262375938,2020-03-19 19:55:10,Ministry of Interior,1675,1244,ูููุฉ ุฎุงุฏู ุงูุญุฑููู ุงูุดุฑูููู ุงูููู ุณููุงู ุจู ุนุจุฏุงูุนุฒูุฒ ุขู ุณุนูุฏ ู ุญูุธู ุงููู ู ูุฅุฎูุงูู ูุฃุฎูุงุชูุ ูุฃุจูุงุฆู ูุจูุงุชูุ ุงูููุงุทููู ูุงููููููู ุนูู ุฃุฑุถ ุงูููููุฉ ุงูุนุฑุจูุฉ ุงูุณุนูุฏูุฉ. https://t.co/h0fZlebkzV,ar
54,1240326272779259909,2020-03-18 17:16:42,Ministry of Interior,652,575,ูุฒุงุฑุฉ ุงูุฏุงุฎููุฉ ุชุฏุนู ุงูููุงุทููู ูุงููููููู ุฅูู ุงูุงุณุชูุงุฏุฉ ูู ุฎุฏูุงุช ุงููุฒุงุฑุฉ ููุทุงุนุงุชูุง ุงูุฃูููุฉ ุงูุฅููุชุฑูููุฉ ุงูููุฏูุฉ ุนุจุฑ ููุตุฉ (ุฃุจุดุฑ)ุ ุฏูู ุงูุญุงุฌุฉ ูููุฑุงุฌุนุฉ ุงูููุฏุงููุฉ . https://t.co/UaugbQclFb,ar
55,1239308366343782400,2020-03-15 21:51:54,Ministry of Interior,2359,2576,ูุตุฏุฑ ูุณุคูู ูู ูุฒุงุฑุฉ ุงูุฏุงุฎููุฉ : ุญูููุฉ ุงูููููุฉ ุชูุฑุฑ ุชุนููู ุงูุญุถูุฑ ูููุฑุงุช ุงูุนูู ูู ุฌููุน ุงูุฌูุงุช ุงูุญููููุฉ ููุฏุฉ (16) ููููุง ุนุฏุง ุงููุทุงุนุงุช ุงูุตุญูุฉ ูุงูุฃูููุฉ ูุงูุนุณูุฑูุฉ ููุฑูุฒ ุงูุฃูู ุงูุฅููุชุฑููู. https://t.co/g316XqhOdZ,ar
56,1239300494838960130,2020-03-15 21:20:37,Ministry of Interior,305,210,"ุชุฃุฌูู ููุนุฏ ุชุญููู ูุดุงุฑูุงุช "" ุชุญุฏู ุฃุจุดุฑ "". https://t.co/QxE5Yg1xPm",ar
57,1238797066836590592,2020-03-14 12:00:11,Ministry of Interior,390,224,ุฃูุซุฑ ูู 10 ููุงููู ุนูููุฉ ุฃูุฌุฒุชูุง ุงูุฃุญูุงู ุงููุฏููุฉ ุฎูุงู ุงููุตู ุงูุงูู ูู ุงูุนุงู ุงููุฌุฑู ุงูุญุงูู . https://t.co/Z3mWHzRgLQ,ar
58,1238781941765279746,2020-03-14 11:00:05,Ministry of Interior,335,210,"ุฃุจุฑุฒ ุฃุฎุจุงุฑ ูุฒุงุฑุฉ ุงูุฏุงุฎููุฉ ุฎูุงู ุงููุชุฑุฉ ูู 13 ูุญุชู 19 ุฑุฌุจ 1441ูู .

#ุงูุฏุงุฎููุฉ_ูู_ุฃุณุจูุน https://t.co/qBUICTdo46",ar
59,1238764333296955392,2020-03-14 09:50:06,Ministry of Interior,1170,1248,ูุตุฏุฑ ูุณุคูู ุจูุฒุงุฑุฉ ุงูุฏุงุฎููุฉ :  ูุฑุฑุช ุญูููุฉ ุงูููููุฉ ุชุนููู ุงูุฑุญูุงุช ุงูุฌููุฉ ุงูุฏูููุฉ ูููุณุงูุฑูู - ุฅูุง ูู ุงูุญุงูุงุช ุงูุงุณุชุซูุงุฆูุฉ - ููุฏุฉ ุฃุณุจูุนููุ ุงุนุชุจุงุฑูุง ูู ุงูุณุงุนุฉ ุงูุญุงุฏูุฉ ุนุดุฑุฉ ูู ุตุจุงุญ ููู ุงูุฃุญุฏ 20 ุฑุฌุจ 1441ูุฌุฑูุฉ ุงูููุงูู 15 ูุงุฑุณ 2020 ูููุงุฏูุฉ. https://t.co/TbTR6oc2c9,ar
60,1238207896216797184,2020-03-12 20:59:01,Ministry of Interior,2675,3207,ูุตุฏุฑ ูุณุคูู ุจูุฒุงุฑุฉ ุงูุฏุงุฎููุฉ: ุชูุฑุฑ ุงุนุชุจุงุฑูุง ูู ููู ุงูุฌูุนุฉ 18 ุฑุฌุจ 1441ูู ุงูููุงูู 13 ูุงุฑุณ 2020ูุ ุชุนููู ุฅูุงูุฉ ุงูููุงุณุจุงุช ูู ุตุงูุงุช ุงูุฃูุฑุงุญ ุฃู ุงูุงุณุชุฑุงุญุงุช ุฃู ูุงุนุงุช ุงูููุงุณุจุงุช ูุงูููุงุฏู. https://t.co/88MemrOhxo,ar
61,1238011414343815168,2020-03-12 07:58:16,Ministry of Interior,1649,1585,ูุตุฏุฑ ูุณุคูู ุจูุฒุงุฑุฉ ุงูุฏุงุฎููุฉ: ุญูููุฉ ุงูููููุฉ ุชูุฑุฑ ุชุนููู ุณูุฑ ุงูููุงุทููู ูุงููููููู ูุคูุชูุง ูุชุนููู ุงูุฑุญูุงุช ุงูุฌููุฉ ุฅูู ุนุฏุฏ ูู ุงูุฏูู. https://t.co/ftc0BnOc8W,ar
62,1237061578819801090,2020-03-09 17:03:58,Ministry of Interior,829,795,ูุตุฏุฑ ูุณุคูู ุจูุฒุงุฑุฉ ุงูุฏุงุฎููุฉ: ุงูุทูุงููุง ูู ุงูุญุฑุต ุนูู ุญูุงูุฉ ุตุญุฉ ุงูููุงุทููู ูุงููููููู ูุถูุงู ุณูุงูุชููุ ููุฏ ูุฑุฑุช ุญูููุฉ ุงูููููุฉ ุชุนููู ุณูุฑ ุงูููุงุทููู ูุงููููููู ูุคูุชูุง ุฅูู ูู ูู (ุณูุทูุฉ ุนูุงูุ ูุงูุฌูููุฑูุฉ ุงููุฑูุณูุฉุ ูุฌูููุฑูุฉ ุฃููุงููุง ุงูุงุชุญุงุฏูุฉุ ูุงูุฌูููุฑูุฉ ุงูุชุฑููุฉุ ูููููุฉ ุฅุณุจุงููุง). https://t.co/aN0TFwf7Kj,ar
63,1236930370031017984,2020-03-09 08:22:35,Ministry of Interior,1220,1031,ูุตุฏุฑ ูุณุคูู ุจูุฒุงุฑุฉ ุงูุฏุงุฎููุฉโฉ : ุชุนููู ุณูุฑ ุงูููุงุทููู ูุงููููููู ูุคูุชูุง ูู ูุฅูู ุนุฏุฏ ูู ุงูุฏูู ููุณูุทุฑุฉ ูุงูุญุฏ ูู ุงูุชุดุงุฑ ููุฑูุณ โงููุฑููุงโฉ. https://t.co/6SthrR6Rr5,ar
64,1236709297490460673,2020-03-08 17:44:08,Ministry of Interior,1077,980,ุงูุฃููุฑ ุนุจุฏุงูุนุฒูุฒ ุจู ุณุนูุฏ ููู ุนูู ุณูุฑ ุงูุนูู ูู ูุฑูุฒ ุญุฑุณ ุงูุญุฏูุฏ ุจุงูุฎุฑูุจุฉ ุงูุชุงุจุน ููุทุงุน ุถุจุงุก ุจููุทูุฉ ุชุจูู. https://t.co/fs07yNqZRw,ar
65,1236648389686812672,2020-03-08 13:42:06,Ministry of Interior,1427,1627,ูุตุฏุฑ ูุณุคูู ูู ูุฒุงุฑุฉ ุงูุฏุงุฎููุฉ :  ุชุนููู ุงูุฏุฎูู ูุงูุฎุฑูุฌ ูู ูุญุงูุธุฉ โงุงููุทููโฉ ูุคูุชูุง. https://t.co/WRnkx5RsHv,ar
66,1236276494458138628,2020-03-07 13:04:19,Ministry of Interior,327,213,"ุฃุจุฑุฒ ุฃุฎุจุงุฑ ูุฒุงุฑุฉ ุงูุฏุงุฎููุฉ ุฎูุงู ุงููุชุฑุฉ ูู 6 ูุญุชู 12 ุฑุฌุจ 1441ูู .

#ุงูุฏุงุฎููุฉ_ูู_ุฃุณุจูุน https://t.co/LePfz8iyCJ",ar
67,1236230148376182784,2020-03-07 10:00:10,Ministry of Interior,514,434,"#ุญุฑุณ_ุงูุญุฏูุฏ ูู 6 ุฃุดูุฑ ..
""ููุฉ ุฃุจุทุงู"" ุนููุงููุง.. ุฏูู ุงููุทู ""ุฑุฌุงู"" . https://t.co/qAGZqCUiBT",ar
68,1236095647918559234,2020-03-07 01:05:42,Ministry of Interior,1501,1551,ูุตุฏุฑ ูุณุคูู ุจูุฒุงุฑุฉ ุงูุฏุงุฎููุฉโฉ : ุญูููุฉ โงุงูููููุฉโฉ ุชุญุฏุฏ ุนุฏุฏุงู ูู ุงูุฅุฌุฑุงุกุงุช ุงูููุงุฆูุฉ ูุงูุงุญุชุฑุงุฒูุฉ ูููุน ุงูุชูุงู ุงูุนุฏูู ุจููุฑูุณ โงููุฑููุงโฉ ( covid 19 ) ููุญุงุตุฑุชู ูุงููุถุงุก ุนููู. https://t.co/jOumXQkyxh,ar
69,1235198802967113728,2020-03-04 13:41:58,Ministry of Interior,1824,2178,ูุตุฏุฑ ูุณุคูู ุจูุฒุงุฑุฉ ุงูุฏุงุฎููุฉ: ุชูุฑุฑ ุจูุงุกู ุนูู ุชูุตูุฉ ุงููุฌูุฉ ุงููุนููุฉ ุจูุชุงุจุนุฉ ูุณุชุฌุฏุงุช ุงููุถุน ูููุฑูุณ ููุฑููุง ุงูุฌุฏูุฏ (19-COVID)ุ ุจุฅููุงู ุงูุนูุฑุฉ ูุคูุชูุง ููููุงุทููู ูุงููููููู ูู ุงูููููุฉุ ุนูู ุฃู ูุชู ูุฑุงุฌุนุฉ ูุฐุง ุงููุฑุงุฑ ุจุดูู ูุณุชูุฑ ูุฅููุงู ุงูุนูู ุจู ูุชู ูุง ุงูุชูุช ุงูุฃุณุจุงุจ ุงูุชู ุฏุนุช ุฅููู. https://t.co/ycBE0LR110,ar
70,1234854139433275396,2020-03-03 14:52:23,Ministry of Interior,696,845,ูุตุฏุฑ ูุณุคูู ุจูุฒุงุฑุฉ ุงูุฏุงุฎููุฉ: ุงุชุฎุงุฐ ุฅุฌุฑุงุกุงุช ุงุญุชุฑุงุฒูุฉ ุฅุถุงููุฉ ุนูุฏ ุงูููุงูุฐ ุงูุญุฏูุฏูุฉุ ุชุฌุงู ุงูุฃุดุฎุงุต ุงูุฐูู ุฒุงุฑูุง ุฏููุงู ููุจูุกุฉ ุจููุฑูุณ ููุฑููุง ุงูุฌุฏูุฏ covid 19. https://t.co/TCMsKt8v0k,ar
71,1234852255083483139,2020-03-03 14:44:54,Ministry of Interior,181,133,ุงูุฃููุฑ ุนุจุฏุงูุนุฒูุฒ ุจู ุณุนูุฏ ูุณุชูุจู ุงูุฃููู ุงูุนุงู ููุฌูุณ ุงูุชุนุงูู ูุฏูู ุงูุฎููุฌ ุงูุนุฑุจูุฉ . https://t.co/r7lPVUY5iS,ar
72,1234239503671472130,2020-03-01 22:10:03,Ministry of Interior,239,169,"ุงูุฃููุฑ ุนุจุฏุงูุนุฒูุฒ ุจู ุณุนูุฏ ูุณุชูุจู ููุณู ุงูุงุชุญุงุฏ ุงูุฃูุฑูุจู ูููุงูุญุฉ ุงูุฅุฑูุงุจุ ูุงูุฃููู ุงูุนุงู ููููุธูุฉ ุงูุฏูููุฉ ููุดุฑุทุฉ ุงูุฌูุงุฆูุฉ "" ุงูุฅูุชุฑุจูู "". https://t.co/KTzzoqkVDf",ar
73,1234236839134924807,2020-03-01 21:59:28,Ministry of Interior,304,213,ุงูุฃููุฑ ุนุจุฏุงูุนุฒูุฒ ุจู ุณุนูุฏ ูุณุชูุจู ูุนุงูู ูุฒูุฑ ุงูุฏุงุฎููุฉ ูุงูุจูุฏูุงุช ุจุงูุฌูููุฑูุฉ ุงููุจูุงููุฉุ ููุนุงูู ูุงุฆุจ ุฑุฆูุณ ูุฌูุณ ุงููุฒุฑุงุก ูุฒูุฑ ุงูุฏุงุฎููุฉ ูุฒูุฑ ุงูุฏููุฉ ูุดุคูู ูุฌูุณ ุงููุฒุฑุงุก ุจุฏููุฉ ุงููููุชุ ููุนุงูู ูุฒูุฑ ุงูุฏุงุฎููุฉ ูู ุงูููููุฉ ุงูุฃุฑุฏููุฉ ุงููุงุดููุฉุ ููุนุงูู ุฑุฆูุณ ุงููุฒุฑุงุก ูุฒูุฑ ุงูุฏุงุฎููุฉ ุจุฏููุฉ ููุณุทูู. https://t.co/JuIXlNEG0i,ar
74,1234234133989208065,2020-03-01 21:48:43,Ministry of Interior,233,174,ุงูุฃููุฑ ุนุจุฏุงูุนุฒูุฒ ุจู ุณุนูุฏ ูุฑุฃุณ ููุฏ ุงูููููุฉ ูู ุงุฌุชูุงุนุงุช ุงูุฏูุฑุฉ ุงููฃูง ููุฌูุณ ูุฒุฑุงุก ุงูุฏุงุฎููุฉ ุงูุนุฑุจ ุงูุฐู ุนูุฏ ุงูููู ูู ุชููุณ. https://t.co/SIYkTns25b,ar
75,1234176386501369857,2020-03-01 17:59:15,Ministry of Interior,170,134,ุงูุฃููุฑ ุนุจุฏุงูุนุฒูุฒ ุจู ุณุนูุฏ ูุณุชูุจู ูุนุงูู ุฑุฆูุณ ุงูุญูููุฉ ุจุงูุฌูููุฑูุฉ ุงูุชููุณูุฉ. https://t.co/Erz5kORCFH,ar
76,1234174963453657088,2020-03-01 17:53:35,Ministry of Interior,281,195,ูุฎุงูุฉ ุฑุฆูุณ ุฌูููุฑูุฉ ุชููุณ ูุณุชูุจู ุงูุฃููุฑ ุนุจุฏุงูุนุฒูุฒ ุจู ุณุนูุฏ ูุฒูุฑ ุงูุฏุงุฎููุฉ ุงูุฑุฆูุณ ุงููุฎุฑู ููุฌูุณ ูุฒุฑุงุก ุงูุฏุงุฎููุฉ ุงูุนุฑุจุ ูู ูุตุฑ ูุฑุทุงุฌ ุจุชููุณ. https://t.co/vTcnujgn0H,ar
77,1233889571357761541,2020-02-29 22:59:33,Ministry of Interior,601,337,ุงูุฃููุฑ ุนุจุฏุงูุนุฒูุฒ ุจู ุณุนูุฏ ูุตู ุฅูู ุฌูููุฑูุฉ โงุชููุณโฉุ ูุฑุฆุงุณุฉ ููุฏ โงุงูููููุฉโฉ ุงููุดุงุฑู ูู ุงุฌุชูุงุนุงุช ูุฒุฑุงุก ุงูุฏุงุฎููุฉ ุงูุนุฑุจ ูู ุฏูุฑุชู ุงูุณุงุจุนุฉ ูุงูุซูุงุซูู. https://t.co/9xy9Ldez5f,ar
78,1233826894920978434,2020-02-29 18:50:29,Ministry of Interior,220,165,"ุฃุจุฑุฒ ุฃุฎุจุงุฑ ูุฒุงุฑุฉ ุงูุฏุงุฎููุฉ ุฎูุงู ุงููุชุฑุฉ ูู 29 ุฌูุงุฏู ุงูุขุฎุฑุฉ ูุญุชู 5 ุฑุฌุจ 1441ูู .

#ุงูุฏุงุฎููุฉ_ูู_ุฃุณุจูุน https://t.co/74QXKPaN4k",ar
79,1233334450898993152,2020-02-28 10:13:41,Ministry of Interior,542,402,ุชุญุฏู #ุฃุจุดุฑ ูุฑุตุฉ ุงูุนููู ุงููุจุฏุนุฉ ูุชุดุงุฑู ุชุทููุฑ  ุงูุฎุฏูุงุช ุงูุฅููุชุฑูููุฉ ูู #ูุฒุงุฑุฉ_ุงูุฏุงุฎููุฉ. https://t.co/iSJUl7CxMh,ar
80,1232367525222023169,2020-02-25 18:11:28,Ministry of Interior,279,175,ุงูุฃููุฑ ุนุจุฏุงูุนุฒูุฒ ุจู ุณุนูุฏ ูุฑุนู ุญูู ุชูุฑูู ูุชูุงุนุฏู ูุฒุงุฑุฉ ุงูุฏุงุฎููุฉ . https://t.co/VB6w4VKpbU,ar
81,1231886435189477376,2020-02-24 10:19:48,Ministry of Interior,457,324,ุงูุฃููุฑ ุนุจุฏุงูุนุฒูุฒ ุจู ุณุนูุฏ ูุฒูุฑ ุงูุนููุฏ ุนุจุฏุงููู ุงูุบุงูุฏู ููุงุทูุฆูุงู ุนูู ุตุญุชู. https://t.co/PAkFBV6CDM,ar
82,1231662503438045186,2020-02-23 19:29:58,Ministry of Interior,356,297,"ุฅุฐุง ููุช ููุชู ุจุงูุชูููุฉ ููุฏูู ุงูููุงุฑุฉ
ุงูุถู ู #ุชุญุฏู_ุฃุจุดุฑ https://t.co/UGAQNUi8Kx",ar
83,1231200090066386944,2020-02-22 12:52:30,Ministry of Interior,282,198,"ุฃุจุฑุฒ ุฃุฎุจุงุฑ ูุฒุงุฑุฉ ุงูุฏุงุฎููุฉ ุฎูุงู ุงููุชุฑุฉ ูู 22 ูุญุชู 28 ุฌูุงุฏู ุงูุขุฎุฑุฉ 1441ูู .

#ุงูุฏุงุฎููุฉ_ูู _ุฃุณุจูุน https://t.co/gGKVHZm18n",ar
84,1230585336729915392,2020-02-20 20:09:42,Ministry of Interior,234,162,"ุจุญุถูุฑ ุงูุฃููุฑ ุนุจุฏุงูุนุฒูุฒ ุจู ุณุนูุฏุ ุณูู ุงูุดูุฎ ูุญูุฏ ุจู ุฑุงุดุฏ ูุฑุนู ุญูู ุฎุชุงู ุงูุชูุฑูู ุงูุชุนุจูู ุงููุดุชุฑู ""ุฃูู ุงูุฎููุฌ ุงูุนุฑุจููข"" ูู ุฏุจู. https://t.co/ZyNp0t9hS4",ar
85,1230485218580103173,2020-02-20 13:31:52,Ministry of Interior,1103,689,ุนู ุญุฏูุฏ ุงููุทู .. #ุญุฑุณ_ุงูุญุฏูุฏ ูุฐูุฏ https://t.co/81Ex40ovAH,ar
86,1230254933804486656,2020-02-19 22:16:47,Ministry of Interior,366,224,"ุงูุฃููุฑ ุนุจุฏุงูุนุฒูุฒ ุจู ุณุนูุฏ ูุฑุนู ุชูุฑูู ""ุงููุจุถุฉูฃ "" ูุญูู ุชุฎุฑูุฌ ุงูุฏูุฑุงุช ุงูุชุฏุฑูุจูุฉ ุจุญุฑุณ ุงูุญุฏูุฏ. https://t.co/0VWGe8IOy6",ar
87,1230063632416940032,2020-02-19 09:36:38,Ministry of Interior,671,427,"ุฌุงูุจ ูู ูุดุงุฑูุฉ ุงูููุงุช ุงูุฃูููุฉ ุงูุณุนูุฏูุฉ ูู ุชูุฑูู โง#ุฃูู_ุงูุฎููุฌ_ุงูุนุฑุจู2 

""ุตู ูุงุญุฏ ูุฃููยูุดุชุฑู "". https://t.co/JNwlTbKQQ8",ar
88,1229850583085002752,2020-02-18 19:30:03,Ministry of Interior,430,280,ุชุญุช ุฑุนุงูุฉ ุงูุฃููุฑ ุนุจุฏุงูุนุฒูุฒ ุจู ุณุนูุฏ ุ #ููุชูู_ุฃุจุดุฑ ุงูุณุงุฏุณ ูุณุชุนุฑุถ ุฅูุฌุงุฒุงุช ุงูุชุญูู ุงูุฑููู ุจูุฒุงุฑุฉ ุงูุฏุงุฎููุฉ ุ ูููุฑู ุงูุฌูุงุช ุงููุชููุฒุฉ ุชูููุงู. https://t.co/neOGNL1Q8k,ar
89,1228616201544269824,2020-02-15 09:45:03,Ministry of Interior,296,182,"ุฃุจุฑุฒ ุฃุฎุจุงุฑ ูุฒุงุฑุฉ ุงูุฏุงุฎููุฉ ุฎูุงู ุงููุชุฑุฉ ูู 15 ูุญุชู 21 ุฌูุงุฏู ุงูุขุฎุฑุฉ 1441ูู .

โง#ุงูุฏุงุฎููุฉ_ูู_ุฃุณุจูุน https://t.co/lr7NnIHxEX",ar
90,1227698981473521665,2020-02-12 21:00:21,Ministry of Interior,249,141,ุงูุฃููุฑ ุนุจุฏุงูุนุฒูุฒ ุจู ุณุนูุฏ ูุณุชูุจู ุณูุฑุงุก ุตุฑุจูุง ูุทุงุฌููุณุชุงู ูุบุงูุจูุง ูุฏู ุงูููููุฉ . https://t.co/u0OTY9tnmh,ar
91,1227502907852873728,2020-02-12 08:01:13,Ministry of Interior,212,145,ุงูุฃููุฑ ุนุจุฏุงูุนุฒูุฒ ุจู ุณุนูุฏ ูุณุชูุจู ุงููุฏูุฑ ุงูุนุงู ููุดุคูู ุงูุณูุงุณูุฉ ูู ูุฒุงุฑุฉ ุงูุฎุงุฑุฌูุฉ ุงูุจุฑูุทุงููุฉ . https://t.co/dMxLpJqg3b,ar
92,1226167122751033347,2020-02-08 15:33:17,Ministry of Interior,271,177,"ุฃุจุฑุฒ ุฃุฎุจุงุฑ ูุฒุงุฑุฉ ุงูุฏุงุฎููุฉ ุฎูุงู ุงููุชุฑุฉ ูู 8 ูุญุชู 14 ุฌูุงุฏู ุงูุขุฎุฑุฉ 1441ูู .

#ุงูุฏุงุฎููุฉ_ูู_ุฃุณููุน https://t.co/FEomOLQ3Nb",ar
93,1225096193228840960,2020-02-05 16:37:48,Ministry of Interior,236,155,ุงูุฃููุฑ ุนุจุฏุงูุนุฒูุฒ ุจู ุณุนูุฏ ูุณุชูุจู ุณููุฑู ุงูููุณุง ูุงูุตูู ูุฏู ุงูููููุฉ. https://t.co/bVNM6EqEsS,ar
94,1223600125563559936,2020-02-01 13:32:57,Ministry of Interior,269,154,"ุฃุจุฑุฒ ุฃุฎุจุงุฑ ูุฒุงุฑุฉ ุงูุฏุงุฎููุฉ ุฎูุงู ุงููุชุฑุฉ ูู 1 ูุญุชู 7 ุฌูุงุฏู ุงูุขุฎุฑุฉ 1441ูู .

#ุงูุฏุงุฎููุฉ_ูู_ุฃุณุจูุน https://t.co/QADSoIlvZq",ar
95,1222557912100417537,2020-01-29 16:31:34,Ministry of Interior,394,223,ุจุญุถูุฑ ุณูู ุฃููุฑ ููุทูุฉ ููุฉ ุงูููุฑูุฉุ ูุณูู ุฃููุฑ ููุทูุฉ ุงููุฏููุฉ ุงููููุฑุฉุ ุณูู ูุฒูุฑ ุงูุฏุงุฎููุฉ ูุฑุฃุณ ุงุฌุชูุงุน ูุฌูุฉ ุงูุญุฌ ุงูุนููุง. https://t.co/VQi0GcYXBc,ar
96,1221084674241548291,2020-01-25 14:57:27,Ministry of Interior,319,213,"ุฃุจุฑุฒ ุฃุฎุจุงุฑ ูุฒุงุฑุฉ ุงูุฏุงุฎููุฉ ุฎูุงู ุงููุชุฑุฉ ูู 24 ูุญุชู 30 ุฌูุงุฏู ุงูุฃููู 1441ูู .

โง#ุงูุฏุงุฎููุฉ_ูู_ุฃุณุจูุน https://t.co/2DkgW6D0hl",ar
97,1220386668596940801,2020-01-23 16:43:50,Ministry of Interior,327,223,ุงูุฃููุฑ ุนุจุฏุงูุนุฒูุฒ ุจู ุณุนูุฏ ูุฏุดู ุงููููุฉ ุงูุฌุฏูุฏุฉุ ูุงููููุน ุงูุฑุณููุ ูุงูุชุทุจูู ุงูุฅููุชุฑูููุ ููุดุฑูุน ุฃุชูุชุฉ ุงููููุงุช ุงูุทุจูุฉ ููุณุชุดูู ููู ุงูุฃูู ุจุงูุฑูุงุถ. https://t.co/aJDsGCx5vK,ar
98,1220025394008674304,2020-01-22 16:48:15,Ministry of Interior,231,167,ุงูุฃููุฑ ุนุจุฏุงูุนุฒูุฒ ุจู ุณุนูุฏ ูุฑุนู ุชูููุน ุฎูุณ ูุฐูุฑุงุช ุชูุงูู ุจูู ุงููุฏูุฑูุฉ ุงูุนุงูุฉ ููุฌูุงุฒุงุช ูุนุฏุฏ ูู ุงูุฌูุงุช. https://t.co/4FoA6wVVY1,ar
99,1219315280423391235,2020-01-20 17:46:31,Ministry of Interior,212,147,ุงูุฃููุฑ ุนุจุฏุงูุนุฒูุฒ ุจู ุณุนูุฏ ูุณุชูุจู ุณูุฑุงุก ุจุฑูุทุงููุง ูุงูููุฏ ููุงุฒุงุฎุณุชุงู ูุฏู ุงูููููุฉ . https://t.co/wACveawKgN,ar
100,1218541430106402817,2020-01-18 14:31:30,Ministry of Interior,224,158,"ุฃุจุฑุฒ ุฃุฎุจุงุฑ ูุฒุงุฑุฉ ุงูุฏุงุฎููุฉ ุฎูุงู ุงููุชุฑุฉ ูู 17 ูุญุชู 23 ุฌูุงุฏู ุงูุฃููู 1441ูู .

โง#ุงูุฏุงุฎููุฉ_ูู_ุฃุณุจูุน https://t.co/cMGPY1pAwR",ar
101,1216035979921936385,2020-01-11 16:35:45,Ministry of Interior,259,185,"ุฃุจุฑุฒ ุฃุฎุจุงุฑ ูุฒุงุฑุฉ ุงูุฏุงุฎููุฉ ุฎูุงู ุงููุชุฑุฉ ูู 10 ูุญุชู 16 ุฌูุงุฏู ุงูุฃููู 1441ูู .

โง#ุงูุฏุงุฎููุฉ_ูู_ุฃุณุจูุน https://t.co/vDGmSAOjsz",ar
102,1214979586934681600,2020-01-08 18:38:01,Ministry of Interior,2086,1835,ุงููุจุถ ุนูู ุงููุทููุจ ููุฌูุงุช ุงูุฃูููุฉ / ูุญูุฏ ุจู ุญุณูู ุนูู ุขู ุนูุงุฑ ุ ุงููุนูู ุนู ุงุณูู ูู ูุงุฆูุฉ ุชุดูู (ูฉ) ุชุณุนุฉ ูุทููุจูู ุจุชุงุฑูุฎ ูกูคูฃูจ/ูก/ูขูฉูู ูููุงููู ุจุงุณุชูุฏุงู ููุงุทููู ููููููู ูุฑุฌุงู ุฃูู ูููุดุขุช ุฃูููุฉ ูุงูุชุตุงุฏูุฉ ุจุงูููุทูุฉ ุงูุดุฑููุฉ. https://t.co/8hoVMFFS0T,ar
103,1213415255231139842,2020-01-04 11:01:55,Ministry of Interior,271,174,"ุฃุจุฑุฒ ุฃุฎุจุงุฑ ูุฒุงุฑุฉ ุงูุฏุงุฎููุฉ ุฎูุงู ุงููุชุฑุฉ ูู 3 ูุญุชู 9 ุฌูุงุฏู ุงูุฃููู 1441ูู .

โง#ุงูุฏุงุฎููุฉ_ูู_ุฃุณุจูุน https://t.co/AVSv6nD0K6",ar
104,1211265203716939776,2019-12-29 12:38:23,Ministry of Interior,5585,5894,ุฅุญุจุงุท ุนูููุฉ ุฅุฑูุงุจูุฉ ูุดููุฉ ุจุงุณุชุฎุฏุงู ูุฑูุจุฉ ุชู ูููุง ุถุจุท (ูฅ) ูุฌู ูู ูุงุฏุฉ (RDX) ุดุฏูุฏุฉ ุงูุงููุฌุงุฑ ูุณูุงุญ ุฑุดุงุด ููุณุฏุณูู ูุฐุฎูุฑุฉ ุญูุฉ ููุจูุบ ูุงููุ ููุชุฌ ุนู ุชุจุงุฏู ุฅุทูุงู ุงููุงุฑ ูุน ุงููููููู ุจูุง ููุชู (ูข) ุงุซููู ูููู ุ ุณุนูุฏููู ุ ูุงููุจุถ ุนูู ุซุงูุซ . https://t.co/62WGZMaTfH,ar
105,1210900049317769221,2019-12-28 12:27:23,Ministry of Interior,258,166,"ุฃุจุฑุฒ ุฃุฎุจุงุฑ ูุฒุงุฑุฉ ุงูุฏุงุฎููุฉ ุฎูุงู ุงููุชุฑุฉ ูู 25 ุฑุจูุน ุงูุซุงูู ูุญุชู 2 ุฌูุงุฏู ุงูุฃููู 1441ูู .

#ุงูุฏุงุฎููุฉ_ูู_ุฃุณุจูุน https://t.co/ka0JpqXqa3",ar
106,1210591144951848961,2019-12-27 15:59:55,Ministry of Interior,350,327,"ุถุจุท "" 4.405.989 "" ูุฎุงููุงู ูู ุงูุญููุฉ ุงูููุฏุงููุฉ ุงููุดุชุฑูุฉ ููุชุงุจุนุฉ ูุถุจุท ูุฎุงููู ุฃูุธูุฉ ุงูุฅูุงูุฉ ูุงูุนูู ูุฃูู ุงูุญุฏูุฏ. 

โง#ูุทู_ุจูุง_ูุฎุงูู https://t.co/CZO7j2H8H4",ar
107,1210500598610767872,2019-12-27 10:00:07,Ministry of Interior,907,574,"#ุงูุฃููุงุฌ_ุงูุฃูููุฉ ูู ""ุงูุญุฏูุฏ""
 ุทูู ูุฑุงุก ุทูู ๐ธ๐ฆ https://t.co/5ueVW8qYwD",ar
108,1208341413718609920,2019-12-21 11:00:17,Ministry of Interior,285,199,"ุฃุจุฑุฒ ุฃุฎุจุงุฑ ูุฒุงุฑุฉ ุงูุฏุงุฎููุฉ ุฎูุงู ุงููุชุฑุฉ ูู 18 ูุญุชู 24 ุฑุจูุน ุงูุซุงูู 1441ูู .

#ุงูุฏุงุฎููุฉ_ูู_ุฃุณุจูุน https://t.co/74E9Zuvpwc",ar
109,1208018664190025730,2019-12-20 13:37:48,Ministry of Interior,391,318,"ุถุจุท "" 4.369.008 "" ูุฎุงูููู ูู ุงูุญููุฉ ุงูููุฏุงููุฉ ุงููุดุชุฑูุฉ ููุชุงุจุนุฉ ูุถุจุท ูุฎุงููู ุฃูุธูุฉ ุงูุฅูุงูุฉ ูุงูุนูู ูุฃูู ุงูุญุฏูุฏ. 

โง#ูุทู_ุจูุง_ูุฎุงูู https://t.co/mAWpyS6pm6",ar
110,1206707727382274048,2019-12-16 22:48:36,Ministry of Interior,1116,961,ุงูุฃููุฑ ุนุจุฏุงูุนุฒูุฒ ุจู ุณุนูุฏ ูุฏุดู ูกูฃ ุฎุฏูุฉ ุฅููุชุฑูููุฉ ูู ููุตุฉ ุฃุจุดุฑ . https://t.co/zN7Wd13Jwh,ar
111,1205910382486921216,2019-12-14 18:00:14,Ministry of Interior,228,159,"ุฃุจุฑุฒ ุฃุฎุจุงุฑ ูุฒุงุฑุฉ ุงูุฏุงุฎููุฉ ุฎูุงู ุงููุชุฑุฉ ูู 11 ูุญุชู 17 ุฑุจูุน ุงูุซุงูู 1441ูู .

#ุงูุฏุงุฎููุฉ_ูู_ุฃุณุจูุน https://t.co/iQUEsvedl5",ar
112,1205802513313730561,2019-12-14 10:51:36,Ministry of Interior,510,327,"๐ฅ| 
""ุงูุณูู ุงูุณูุฏุงุก ุชููู ุฃูุงู ""ุฎุงูุฏ"" ุงูุจูุถุงุก""
 
ูุฐุง ุนููุงู #ูุตุฉ_ุณุฌูู"" ููู #ุณูุงุจ_ุงูุฏุงุฎููุฉ MOI.SAUDIARABIA ุณุชุฌุฏูู ูุงูู ุชูุงุตูููุง https://t.co/D9AknxElO8",ar
113,1205499101762199552,2019-12-13 14:45:57,Ministry of Interior,645,431,ูุฒุงุฑุฉ #ุงูุฏุงุฎููุฉ ุชุชูุฌ ุจุฌุงุฆุฒุฉ ุฃูุถู ูููู ูู ูุณุงุจูุฉ ุงูุฃููุงู ุงูุชูุนููุฉ ูู ูุฌุงู ุงูุณูุงูุฉ ุงููุฑูุฑูุฉ ุงูุชู ุชูุธููุง ุงูุฃูุงูุฉ ุงูุนุงูุฉ ููุฌูุณ ูุฒุฑุงุก ุงูุฏุงุฎููุฉ ุงูุนุฑุจ. https://t.co/RuTP0l9GVN,ar
114,1205495483692654593,2019-12-13 14:31:34,Ministry of Interior,1070,878,"ูุฒุงุฑุฉ ุงูุฏุงุฎููุฉ ุชุชูุฌ ุจุฌุงุฆุฒุฉ ุฃูุถู ูููู ูู ูุณุงุจูุฉ ุงูุฃููุงู ุงูุชูุนููุฉ ูู ูุฌุงู ููุงูุญุฉ ุงููุฎุฏุฑุงุช ูุงููุคุซุฑุงุช ุงูุนูููุฉ ุงูุชู ุชูุธููุง ุงูุฃูุงูุฉ ุงูุนุงูุฉ ููุฌูุณ ูุฒุฑุงุก ุงูุฏุงุฎููุฉ ุงูุนุฑุจ.

ุงููููู ุงููุงุฆุฒ  ""ููุงูุฉ ุฃูู"" ... https://t.co/4ZW0nkEiX4",ar
115,1205489500819996672,2019-12-13 14:07:48,Ministry of Interior,186,166,"ุถุจุท "" 4.330.769 "" ูุฎุงููุงู ูู ุงูุญููุฉ ุงูููุฏุงููุฉ ุงููุดุชุฑูุฉ ููุชุงุจุนุฉ ูุถุจุท ูุฎุงููู ุฃูุธูุฉ ุงูุฅูุงูุฉ ูุงูุนูู ูุฃูู ุงูุญุฏูุฏ. 

#ูุทู_ุจูุง_ูุฎุงูู https://t.co/8tTncKzpup",ar
116,1205049689109868544,2019-12-12 09:00:09,Ministry of Interior,221,156,ุงูุฃููุฑ ุนุจุฏุงูุนุฒูุฒ ุจู ุณุนูุฏ ูุณุชูุจู ุณููุฑ ุงูููุงูุงุช ุงููุชุญุฏุฉ ุงูุฃูุฑูููุฉ ูุฏู ุงูููููุฉ . https://t.co/nKCrlKcCr9,ar
117,1203289550107369473,2019-12-07 12:25:59,Ministry of Interior,247,161,"ุฃุจุฑุฒ ุฃุฎุจุงุฑ ูุฒุงุฑุฉ ุงูุฏุงุฎููุฉ ุฎูุงู ุงููุชุฑุฉ ูู 4 ูุญุชู 10 ุฑุจูุน ุงูุซุงูู 1441ูู .

#ุงูุฏุงุฎููุฉ_ูู_ุฃุณุจูุน https://t.co/YLIIanmeQA",ar
118,1202940403596615680,2019-12-06 13:18:36,Ministry of Interior,343,311,"ุถุจุท "" 4.290.776 "" ูุฎุงููุงู ูู ุงูุญููุฉ ุงูููุฏุงููุฉ ุงููุดุชุฑูุฉ ููุชุงุจุนุฉ ูุถุจุท ูุฎุงููู ุฃูุธูุฉ ุงูุฅูุงูุฉ ูุงูุนูู ูุฃูู ุงูุญุฏูุฏ. 

#ูุทู_ุจูุง_ูุฎุงูู https://t.co/zUmKRJBHot",ar
119,1200878451143725057,2019-11-30 20:45:08,Ministry of Interior,270,198,"ุฃุจุฑุฒ ุฃุฎุจุงุฑ ูุฒุงุฑุฉ ุงูุฏุงุฎููุฉ ุฎูุงู ุงููุชุฑุฉ ูู 27 ุฑุจูุน ุงูุฃูู ูุญุชู 3 ุฑุจูุน ุงูุซุงูู 1441ูู .

โง#ุงูุฏุงุฎููุฉ_ูู_ุฃุณุจูุน https://t.co/OUu8Hj3qCt",ar
120,1200852261443973122,2019-11-30 19:01:04,Ministry of Interior,1061,920,"ุชุญุช ุจูุฑู ""ุณููุงู"" .. ุฏุงุฑูุง ุนููุงู ุงูุฃูุงู .

#ุฐูุฑู_ุงูุจูุนุฉ_ุงูุฎุงูุณุฉ https://t.co/iUWLF3gnNj",ar
121,1200807550406582273,2019-11-30 16:03:24,Ministry of Interior,754,618,"ุงูุฃููุฑ ุนุจุฏุงูุนุฒูุฒ ุจู ุณุนูุฏ : ุชุญู ุฐูุฑู ุงูุจูุนุฉ ูุฎุงุฏู ุงูุญุฑููู ุงูุดุฑูููู ูู ุนุงููุง ุงูุฎุงูุณุ ูุงูููููุฉ ุชูุนู ุจูุถู ุงููู ุซู ุจุชูุฌููุงุช ูุฌููุฏ ุฎุงุฏู ุงูุญุฑููู ุงูุดุฑูููู ุจุงูุฃูู ูุงูุฃูุงู ูุงูุชูุฏู ูุงูุงุฒุฏูุงุฑ. 

โง#ุฐูุฑู_ุงูุจูุนุฉ_ุงูุฎุงูุณุฉ https://t.co/wbV1kCMCVi",ar
122,1200419601651294208,2019-11-29 14:21:50,Ministry of Interior,343,315,"ุถุจุท "" 4.253.791 "" ูุฎุงููุงู ูู ุงูุญููุฉ ุงูููุฏุงููุฉ ุงููุดุชุฑูุฉ ููุชุงุจุนุฉ ูุถุจุท ูุฎุงููู ุฃูุธูุฉ ุงูุฅูุงูุฉ ูุงูุนูู ูุฃูู ุงูุญุฏูุฏ. 

โง#ูุทู_ุจูุง_ูุฎุงูู https://t.co/RofmUJuTem",ar
123,1198927231936020485,2019-11-25 11:31:41,Ministry of Interior,839,502,#ุตูุฑุฉ_ูู_ุงูููุฏุงู ูุฑุฌุงู ููุงูุญุฉ ุงููุฎุฏุฑุงุช https://t.co/bXuSo1JMT9,ar
124,1198258105689280515,2019-11-23 15:12:49,Ministry of Interior,274,195,"ุฃุจุฑุฒ ุฃุฎุจุงุฑ ูุฒุงุฑุฉ ุงูุฏุงุฎููุฉ ุฎูุงู ุงููุชุฑุฉ ูู 20 ูุญุชู 26 ุฑุจูุน ุงูุฃูู 1441ูู .

#ุงูุฏุงุฎููุฉ_ูู_ุฃุณุจูุน https://t.co/zh7hlb5RhQ",ar
125,1197880047270551555,2019-11-22 14:10:33,Ministry of Interior,328,287,"ุถุจุท "" 4.217.722 "" ูุฎุงููุงู ูู ุงูุญููุฉ ุงูููุฏุงููุฉ ุงููุดุชุฑูุฉ ููุชุงุจุนุฉ ูุถุจุท ูุฎุงููู ุฃูุธูุฉ ุงูุฅูุงูุฉ ูุงูุนูู ูุฃูู ุงูุญุฏูุฏ. 

โง#ูุทู_ุจูุง_ูุฎุงูู https://t.co/9ENKQ7TeuQ",ar
126,1195785850757496833,2019-11-16 19:28:58,Ministry of Interior,262,190,"ุฃุจุฑุฒ ุฃุฎุจุงุฑ ูุฒุงุฑุฉ ุงูุฏุงุฎููุฉ ุฎูุงู ุงููุชุฑุฉ ูู 13 ูุญุชู 19 ุฑุจูุน ุงูุฃูู 1441ูู .

#ุงูุฏุงุฎููุฉ_ูู_ุฃุณุจูุน https://t.co/yuV9AOTsrh",ar
127,1195379199206461447,2019-11-15 16:33:04,Ministry of Interior,376,326,"ุถุจุท "" 4.179.880 "" ูุฎุงููุงู ูู ุงูุญููุฉ ุงูููุฏุงููุฉ ุงููุดุชุฑูุฉ ููุชุงุจุนุฉ ูุถุจุท ูุฎุงููู ุฃูุธูุฉ ุงูุฅูุงูุฉ ูุงูุนูู ูุฃูู ุงูุญุฏูุฏ. 

โง#ูุทู_ุจูุง_ูุฎุงูู https://t.co/UOeAgslDcX",ar
128,1193150484338610184,2019-11-09 12:56:57,Ministry of Interior,353,232,"ุฃุจุฑุฒ ุฃุฎุจุงุฑ ูุฒุงุฑุฉ ุงูุฏุงุฎููุฉ ุฎูุงู ุงููุชุฑุฉ ูู 6 ูุญุชู 12 ุฑุจูุน ุงูุฃูู 1441ูู . 

#ุงูุฏุงุฎููุฉ_ูู_ุฃุณุจูุน https://t.co/9wOXvCZXeB",ar
129,1192804077991804928,2019-11-08 14:00:28,Ministry of Interior,335,287,"ุถุจุท "" 4.142.899 "" ูุฎุงููุงู ูู ุงูุญููุฉ ุงูููุฏุงููุฉ ุงููุดุชุฑูุฉ ููุชุงุจุนุฉ ูุถุจุท ูุฎุงููู ุฃูุธูุฉ ุงูุฅูุงูุฉ ูุงูุนูู ูุฃูู ุงูุญุฏูุฏ. 

โง#ูุทู_ุจูุง_ูุฎุงูู https://t.co/ncIwfDFPLS",ar
130,1192767979798302720,2019-11-08 11:37:01,Ministry of Interior,754,407,"ุฑุฌู ุฃูู ูู ุงูููุฏุงู ูุชูุธูู ุงูุญุฑูุฉ ุงููุฑูุฑูุฉ : 

ุจุชุนุงูููู ุชุชุญูู ุงูุณูุงุจูุฉ #ุงููุฑูุฑ .

#ุตูุฑุฉ_ูู_ุงูููุฏุงู https://t.co/4XGBRySOxj",ar
131,1190659944447643655,2019-11-02 16:00:26,Ministry of Interior,349,257,"ุฃุจุฑุฒ ุฃุฎุจุงุฑ ูุฒุงุฑุฉ ุงูุฏุงุฎููุฉ ุฎูุงู ุงููุชุฑุฉ ูู 29 ุตูุฑ ูุญุชู 5 ุฑุจูุน ุงูุฃูู 1441ูู . 

โง#ุงูุฏุงุฎููุฉ_ูู_ุฃุณุจูุน https://t.co/LygB13DbmX",ar
132,1190257802838708224,2019-11-01 13:22:28,Ministry of Interior,440,391,"ุถุจุท "" 4.106.219 "" ูุฎุงููุงู ูู ุงูุญููุฉ ุงูููุฏุงููุฉ ุงููุดุชุฑูุฉ ููุชุงุจุนุฉ ูุถุจุท ูุฎุงููู ุฃูุธูุฉ ุงูุฅูุงูุฉ ูุงูุนูู ูุฃูู ุงูุญุฏูุฏ. 

โง#ูุทู_ุจูุง_ูุฎุงูู https://t.co/l6zjimrRMp",ar
133,1188138258968039424,2019-10-26 17:00:10,Ministry of Interior,319,217,"ุฃุจุฑุฒ ุฃุฎุจุงุฑ ูุฒุงุฑุฉ ุงูุฏุงุฎููุฉ ุฎูุงู ุงููุชุฑุฉ ูู 21 ุฅูู 27 ุตูุฑ 1441ูู . 

โง#ุงูุฏุงุฎููุฉ_ูู_ุฃุณุจูุน https://t.co/ZCJRv9oLIb",ar
134,1187726117668638720,2019-10-25 13:42:27,Ministry of Interior,406,366,"ุถุจุท "" 4,068,322 "" ูุฎุงููุงู ูู ุงูุญููุฉ ุงูููุฏุงููุฉ ุงููุดุชุฑูุฉ ููุชุงุจุนุฉ ูุถุจุท ูุฎุงููู ุฃูุธูุฉ ุงูุฅูุงูุฉ ูุงูุนูู ูุฃูู ุงูุญุฏูุฏ. 

โง#ูุทู_ุจูุง_ูุฎุงูู https://t.co/tY7ikKSuwO",ar
135,1187032942155063300,2019-10-23 15:48:02,Ministry of Interior,222,124,ูุงุฆุจ ูุฒูุฑ ุงูุฏุงุฎููุฉ ูุณุชูุจู ุณููุฑ ุฌูููุฑูุฉ ุงูููุฏ ูุฏู ุงูููููุฉ . https://t.co/RC5tJqyo1Q,ar
136,1185631722978893825,2019-10-19 19:00:05,Ministry of Interior,662,636,"ุถุจุท  ุฃูุซุฑ ูู "" 4 ููุงููู "" ูุฎุงูู ูู ุงูุญููุฉ ุงูููุฏุงููุฉ ุงููุดุชุฑูุฉ ููุชุงุจุนุฉ ูุถุจุท ูุฎุงููู ุฃูุธูุฉ ุงูุฅูุงูุฉ ูุงูุนูู ูุฃูู ุงูุญุฏูุฏ. 

โง#ูุทู_ุจูุง_ูุฎุงูู https://t.co/f6egRLLNfb",ar
137,1185546236427984896,2019-10-19 13:20:23,Ministry of Interior,237,167,"ุฃุจุฑุฒ ุฃุฎุจุงุฑ ูุฒุงุฑุฉ ุงูุฏุงุฎููุฉ ุฎูุงู ุงููุชุฑุฉ ูู 14 ุฅูู 20 ุตูุฑ 1441ูู . 

#ุงูุฏุงุฎููุฉ_ูู_ุฃุณุจูุน https://t.co/c3JpZmAm00",ar
138,1184558818790912001,2019-10-16 19:56:45,Ministry of Interior,446,274,ุณูู ุงูุฃููุฑ ุนุจุฏุงูุนุฒูุฒ ุจู ุณุนูุฏ ูุฑุฃุณ ููุฏ ุงูููููุฉ ูู ุงูุงุฌุชูุงุน ุงูู ูฃูฆ ูุฃุตุญุงุจ ุงูุณูู ูุงููุนุงูู ูุฒุฑุงุก ุงูุฏุงุฎููุฉ ุจุฏูู ูุฌูุณ ุงูุชุนุงูู ูุฏูู ุงูุฎููุฌ ุงูุนุฑุจูุฉ ุงูุฐู ุนูุฏ ูู ุณูุทูุฉ ุนูุงู . https://t.co/Y8mwr7w94p,ar
139,1184464412125646848,2019-10-16 13:41:36,Ministry of Interior,417,220,ุงูุฃููุฑ ุนุจุฏุงูุนุฒูุฒ ุจู ุณุนูุฏ ูุตู ุฅูู ุณูุทูุฉ ุนูุงู . https://t.co/wF47Rr9gE0,ar
140,1183064872785006593,2019-10-12 17:00:20,Ministry of Interior,253,192,"ุฃุจุฑุฒ ุฃุฎุจุงุฑ ูุฒุงุฑุฉ ุงูุฏุงุฎููุฉ ุฎูุงู ุงููุชุฑุฉ ูู 7 ุฅูู 13 ุตูุฑ  1441ูู . 

โง #ุงูุฏุงุฎููุฉ_ูู_ุฃุณุจูุน https://t.co/P9fp8KaYt5",ar
141,1182637719492673536,2019-10-11 12:42:59,Ministry of Interior,363,298,"ุถุจุท (3,988,685) ูุฎุงููุงู ูู ุงูุญููุฉ ุงูููุฏุงููุฉ ุงููุดุชุฑูุฉ ููุชุงุจุนุฉ ูุถุจุท ูุฎุงููู ุฃูุธูุฉ ุงูุฅูุงูุฉ ูุงูุนูู ูุฃูู ุงูุญุฏูุฏ. 

โง#ูุทู_ุจูุง_ูุฎุงูู https://t.co/pwu7dtBFPf",ar
142,1181919972198625281,2019-10-09 13:10:55,Ministry of Interior,343,271,ุชูููุงุช ุฌุฏูุฏุฉ ุชุนุฑุถ  .. ููุตุต ูุฌุงุญ ุชุฑูู ูู ุฌูุงุญ ูุฒุงุฑุฉ #ุงูุฏุงุฎููุฉ ุจู #ุฌุงูุชูุณ_2019 https://t.co/7k9EzfnkC8,ar
143,1180957078640353280,2019-10-06 21:24:43,Ministry of Interior,400,294,""" ุงูุญููู ุงูุฐููุฉ "" ุนููุงู ุฌูุงุญ ูุฒุงุฑุฉ #ุงูุฏุงุฎููุฉ ูู โง#ุฌูุชูุณ_ูขููกูฉ https://t.co/NSppnSB55I",ar
144,1180426614271860741,2019-10-05 10:16:50,Ministry of Interior,207,149,"ุฃุจุฑุฒ ุฃุฎุจุงุฑ ูุฒุงุฑุฉ ุงูุฏุงุฎููุฉ ุฎูุงู ุงููุชุฑุฉ ูู 30 ูุญุฑู ุฅูู 6 ุตูุฑ 1441ูู . 

#ุงูุฏุงุฎููุฉ_ูู_ุฃุณุจูุน https://t.co/gnrxtRyvdB",ar
145,1180127090777174016,2019-10-04 14:26:38,Ministry of Interior,465,494,"ุถุจุท (3,947,267) ูุฎุงููุงู ูู ุงูุญููุฉ
ุงูููุฏุงููุฉ ุงููุดุชุฑูุฉ ููุชุงุจุนุฉ ูุถุจุท ูุฎุงููู ุฃูุธูุฉ ุงูุฅูุงูุฉ ูุงูุนูู ูุฃูู ุงูุญุฏูุฏ. 

โง#ูุทู_ุจูุง_ูุฎุงูู https://t.co/lYOAOjiU6D",ar
146,1180060683293134849,2019-10-04 10:02:46,Ministry of Interior,349,292,"ุฌุฏูุฏ ุงูุญููู ุงูุชูููุฉ ูู ุฌูุงุญ
#ูุฒุงุฑุฉ_ุงูุฏุงุฎููุฉ ุงููุดุงุฑู ูู
#ูุนุฑุถ_ุฌูุชูุณ ุฎูุงู ุงููุชุฑุฉ 6 - 10 ุฃูุชูุจุฑุ ุจูุฑูุฒ ุฏุจู ุงูุชุฌุงุฑู ุงูุนุงูููุ ูุงุนุฉ ุงูุดูุฎ ุณุนูุฏ ููุญูููุงุช ุฌูุงุญ S-E1. https://t.co/XtmEEbvWwL",ar
147,1177982231106768898,2019-09-28 16:23:44,Ministry of Interior,396,236,"ุฃุจุฑุฒ ุฃุฎุจุงุฑ ูุฒุงุฑุฉ ุงูุฏุงุฎููุฉ ุฎูุงู ุงููุชุฑุฉ ูู 23 ุฅูู 29 ูุญุฑู 1441ูู . 

#ุงูุฏุงุฎููุฉ_ูู_ุฃุณุจูุน https://t.co/4C4jRRNWHm",ar
148,1177588586092404739,2019-09-27 14:19:32,Ministry of Interior,455,441,"ุถุจุท (3.907.389) ูุฎุงูููุง ูู ุงูุญููุฉ
ุงูููุฏุงููุฉ ุงููุดุชุฑูุฉ ููุชุงุจุนุฉ ูุถุจุท ูุฎุงููู ุฃูุธูุฉ ุงูุฅูุงูุฉ ูุงูุนูู ูุฃูู ุงูุญุฏูุฏ. 

โง#ูุทู_ุจูุง_ูุฎุงูู https://t.co/dOyU8z5Mwk",ar
149,1176180828839272449,2019-09-23 17:05:36,Ministry of Interior,483,425,"#ุงุฑูุน_ุงูุฎูุงู_ุฃุฎุถุฑ

#ููุฉ_ุญุชู_ุงูููุฉ https://t.co/1O8hfBWecU",und
150,1176162591577710600,2019-09-23 15:53:08,Ministry of Interior,2295,2094,"ูุฐุฑุงู ... ุณูุจูู
ููุฏูู ""ุฎุงุฏููู""
ููููุทู ""ุญุงููู""
ูููููุงุฏุฉ ""ูุฎูุตูู""
ูููุฃูู ""ุญุงุฑุณูู""

#ููุฉ_ุญุชู_ุงูููุฉ https://t.co/EpGEkR6ZCz",ar
151,1175688349425840128,2019-09-22 08:28:40,Ministry of Interior,1279,1081,"ุงูุฃููุฑ ุนุจุฏุงูุนุฒูุฒ ุจู ุณุนูุฏ : 

ุงูููู ุงููุทูู ููุซู ููุง ุฌููุนุงู ููุงุณุจุฉ ุฌุฏูุฑุฉ ุจุงููุฎุฑ ูุงูุงุนุชุฒุงุฒ ูุณุชุญุถุฑ ููุณุชููู ูุง ุจุฐูู ุงูุขุจุงุก ูู ุฌููุฏ ูุฎูุตุฉ ูุตุงุฏูุฉ ูู ุณุจูู ุชุฃุณูุณ ูุฐุง ุงูููุงู ุงูุนุธูู ูู ุนูุฏ ุงููุคุณุณ ูุตููุงู ุฅูู ุนูุฏูุง ุงูุฒุงูุฑ. 

#ุงูููู_ุงููุทูู_89 https://t.co/ZzXcdIdndt",ar
152,1175394381278453760,2019-09-21 13:00:32,Ministry of Interior,316,233,"ุถุจุท (3.872.194)ูุฎุงูููุง ูู ุงูุญููุฉ
ุงูููุฏุงููุฉ ุงููุดุชุฑูุฉ ููุชุงุจุนุฉ ูุถุจุท ูุฎุงููู ุฃูุธูุฉ ุงูุฅูุงูุฉ ูุงูุนูู ูุฃูู ุงูุญุฏูุฏ. 

โง#ูุทู_ุจูุง_ูุฎุงูู https://t.co/JRnlnhi5Vb",ar
153,1175328628302909442,2019-09-21 08:39:16,Ministry of Interior,311,234,"ุฃุจุฑุฒ ุฃุฎุจุงุฑ ูุฒุงุฑุฉ ุงูุฏุงุฎููุฉ ุฎูุงู ุงููุชุฑุฉ ูู 16 ุฅูู 22 ูุญุฑู 1441ูู . 

#ุงูุฏุงุฎููุฉ_ูู_ุฃุณุจูุน https://t.co/GV3R2NLA7n",ar
154,1174999285450051585,2019-09-20 10:50:34,Ministry of Interior,3672,3303,"#ุงุญุชุฒู_ูุฑุงู_ูุทู

#ุงูููู_ุงููุทูู_89 https://t.co/O2d3pQWs9L",und
155,1174611397025640448,2019-09-19 09:09:14,Ministry of Interior,2059,1479,ูุณูุฑุฉ ุฃูููุฉ ุฌุฏูุฏุฉ .. ูู #ูููุฉ_ุงูููู_ููุฏ_ุงูุฃูููุฉ . https://t.co/hU0p8yalvd,ar
156,1174564660797947904,2019-09-19 06:03:32,Ministry of Interior,525,300,ุงูุฃููุฑ ุนุจุฏุงูุนุฒูุฒ ุจู ุณุนูุฏ ูุฑุนู ุญูู ุชุฎุฑูุฌ ูููุฉ ุงูููู ููุฏ ุงูุฃูููุฉ. https://t.co/cxuimOqXUT,ar
157,1174057535650893824,2019-09-17 20:28:24,Ministry of Interior,162,105,ูุงุฆุจ ูุฒูุฑ ุงูุฏุงุฎููุฉ ูุณุชูุจู ูุฒูุฑ ุฑุนุงูุฉ ุงููุบุชุฑุจูู ูุงูุชูุธูู ุงูุฎุงุฑุฌู ูู ุฌูููุฑูุฉ ุจูุฌูุงุฏูุด . https://t.co/7sM9l9hOeT,ar
